1069001,Prostatic Neoplasms
1069002,"Carcinoma, Hepatocellular"
1069003,"Mammary Neoplasms, Animal"
1069004,Carcinoma
1069005,Stomach Neoplasms
1069006,"Mammary Neoplasms, Experimental"
1069007,Breast Neoplasms
1069008,Colorectal Neoplasms
1069009,Neoplasm Metastasis
1069010,Lung Neoplasms
1069011,Adenocarcinoma of Lung
1069012,Neoplasm Invasiveness
1069013,"Mesothelioma, Malignant"
1069014,Colonic Neoplasms
1069015,"Carcinoma, Non-Small-Cell Lung"
1069016,"Carcinoma, Adenoid Cystic"
1069017,"Cell Transformation, Neoplastic"
1069018,"Leukemia, Myeloid, Acute"
1069019,Adenocarcinoma
1069020,"Liver Neoplasms, Experimental"
1069021,"Carcinoma, Squamous Cell"
1069022,Urinary Bladder Neoplasms
1069023,Polycystic Ovary Syndrome
1069024,Esophageal Squamous Cell Carcinoma
1069025,Melanoma
1069026,Pancreatic Neoplasms
1069027,"Carcinoma, Renal Cell"
1069028,Ovarian Neoplasms
1069029,Esophageal Neoplasms
1069030,"Thyroid Cancer, Papillary"
1069031,Squamous Cell Carcinoma of Head and Neck
1069032,Liver Neoplasms
1069033,Precancerous Conditions
1069034,"Leukemia, Promyelocytic, Acute"
1069035,Glioblastoma
1069036,Endometrial Neoplasms
1069037,Neuroblastoma
1069038,Glioma
1069039,Medulloblastoma
1069040,Mouth Neoplasms
1069041,Gastrointestinal Stromal Tumors
1069042,Skin Neoplasms
1069043,Salivary Gland Neoplasms
1069044,Thyroid Neoplasms
1069045,Mesothelioma
1069046,"Carcinoma, Pancreatic Ductal"
1069047,Nasopharyngeal Carcinoma
1069048,"Leukemia-Lymphoma, Adult T-Cell"
1069049,"Neoplasm Recurrence, Local"
1069050,Head and Neck Neoplasms
1069051,Osteosarcoma
1069052,Neoplasms
1069053,Toxoplasmosis
1069054,Tobacco Use Disorder
1069055,Tongue Neoplasms
1069056,Tooth Diseases
1069057,Tracheal Neoplasms
1069058,Fibroma
1069059,Lymphoma
1069060,"Neoplasms, Experimental"
1069061,Papilloma
1069062,Uterine Cervical Neoplasms
1069063,"Melanoma, Experimental"
1069064,Triple Negative Breast Neoplasms
1069065,"Prostatic Neoplasms, Castration-Resistant"
1069066,"Leukemia, Experimental"
1069067,"Lymphoma, Large B-Cell, Diffuse"
1069068,"Lymphoma, Mantle-Cell"
1069069,Precursor Cell Lymphoblastic Leukemia-Lymphoma
1069070,Small Cell Lung Carcinoma
1069071,Hodgkin Disease
1069072,"Lymphoma, AIDS-Related"
1069073,"Leukemia, Lymphocytic, Chronic, B-Cell"
1069074,Gastrointestinal Neoplasms
1069075,Myasthenia Gravis
1069076,"Lymphoma, Non-Hodgkin"
1069077,Intestinal Neoplasms
1069078,"Neuroectodermal Tumors, Primitive"
1069079,Kidney Neoplasms
1069080,Ureteral Neoplasms
1069081,"Carcinoma, Ehrlich Tumor"
1069082,Prolactinoma
1069083,Adenoma
1069084,Astrocytoma
1069085,Brain Neoplasms
1069086,Leukemia
1069087,"Carcinoma, Large Cell"
1069088,"Adenocarcinoma, Mucinous"
1069089,Adenomatous Polyps
1069090,Peutz-Jeghers Syndrome
1069091,Chalazion
1069092,Multiple Myeloma
1069093,Nelson Syndrome
1069094,"Adenoma, Liver Cell"
1069095,Carcinoid Tumor
1069096,Burkitt Lymphoma
1069097,Hematologic Neoplasms
1069098,Nose Neoplasms
1069099,"Bone Cysts, Aneurysmal"
1069100,Adrenal Gland Neoplasms
1069101,Bone Neoplasms
1069102,Giant Cell Tumor of Bone
1069103,"Lymphoma, Follicular"
1069104,Prostatic Intraepithelial Neoplasia
1069105,"Carcinoma, Transitional Cell"
1069106,"Leukemia, Lymphoid"
1069107,"Leukemia, Myelogenous, Chronic, BCR-ABL Positive"
1069108,Rhabdomyosarcoma
1069109,Leydig Cell Tumor
1069110,Chondroma
1069111,Hemangioma
1069112,"Carcinoma 256, Walker"
1069113,"Lymphoma, B-Cell"
1069114,"Leukemia, Myelomonocytic, Chronic"
1069115,Adrenocortical Carcinoma
1069116,"Keratosis, Actinic"
1069117,Mycosis Fungoides
1069118,Hemangiosarcoma
1069119,Multiple Pulmonary Nodules
1069120,"Leukemia, Biphenotypic, Acute"
1069121,"Neoplasms, Multiple Primary"
1069122,Cholangiocarcinoma
1069123,Polycythemia Vera
1069124,"Neoplasms, Hormone-Dependent"
1069125,Fibroadenoma
1069126,Histiocytoma
1069127,Urologic Neoplasms
1069128,Sarcoma
1069129,"Carcinoma, Lewis Lung"
1069130,"Carcinoma, Ductal, Breast"
1069131,Wilms Tumor
1069132,"Sarcoma, Experimental"
1069133,Dupuytren Contracture
1069134,Central Nervous System Cysts
1069135,Meningeal Neoplasms
1069136,Basal Cell Nevus Syndrome
1069137,Uterine Neoplasms
1069138,"Carcinoma, Basal Cell"
1069139,Adrenocortical Adenoma
1069140,Bowen's Disease
1069141,Carcinogenesis
1069142,Laryngeal Neoplasms
1069143,Precursor T-Cell Lymphoblastic Leukemia-Lymphoma
1069144,"Neoplasms, Glandular and Epithelial"
1069145,Aberrant Crypt Foci
1069146,Blast Crisis
1069147,"Carcinoma, Papillary"
1069148,"Carcinoma, Small Cell"
1069149,Fibrosarcoma
1069150,Gallbladder Neoplasms
1069151,"Leukemia, Monocytic, Acute"
1069152,"Leukemia, Myeloid"
1069153,"Leukemia, T-Cell"
1069154,"Lymphoma, T-Cell, Cutaneous"
1069155,Paraganglioma
1069156,Retinoblastoma
1069157,"Sarcoma, Ewing"
1069158,Adrenal Cortex Neoplasms
1069159,"Carcinoma, Bronchogenic"
1069160,Pleural Neoplasms
1069161,Rectal Neoplasms
1069162,Thoracic Neoplasms
1069163,"Adenocarcinoma, Bronchiolo-Alveolar"
1069164,Abdominal Neoplasms
1069165,Peritoneal Neoplasms
1069166,Leiomyosarcoma
1069167,"Mastocytosis, Systemic"
1069168,Testicular Neoplasms
1069169,Nasopharyngeal Neoplasms
1069170,Leiomyoma
1069171,Bronchial Neoplasms
1069172,"Leukemia, Hairy Cell"
1069173,"Leukemia, Myelomonocytic, Juvenile"
1069174,Soft Tissue Neoplasms
1069175,"Adenocarcinoma, Papillary"
1069176,Bile Duct Neoplasms
1069177,Bone Marrow Neoplasms
1069178,Ear Neoplasms
1069179,Klatskin Tumor
1069180,Lymphomatoid Granulomatosis
1069181,"Neoplasms, Second Primary"
1069182,Hutchinson's Melanotic Freckle
1069183,Leukemia P388
1069184,Pituitary Neoplasms
1069185,"Lymphoma, Large-Cell, Anaplastic"
1069186,"Lymphoma, T-Cell, Peripheral"
1069187,Granulosa Cell Tumor
1069188,Thymus Neoplasms
1069189,Uterine Cervical Dysplasia
1069190,Anus Neoplasms
1069191,Carcinoma in Situ
1069192,"Carcinoma, Ovarian Epithelial"
1069193,"Histiocytoma, Malignant Fibrous"
1069194,Pharyngeal Neoplasms
1069195,"Neoplasms, Germ Cell and Embryonal"
1069196,Retroperitoneal Neoplasms
1069197,Teratocarcinoma
1069198,"Neoplasms, Mesothelial"
1069199,Eyelid Neoplasms
1069200,Barrett Esophagus
1069201,Cystadenoma
1069202,Cysts
1069203,Inflammatory Breast Neoplasms
1069204,Lymphatic Metastasis
1069205,Myoma
1069206,Ovarian Cysts
1069207,"Carcinoma, Embryonal"
1069208,Dysgerminoma
1069209,"Sarcoma, Kaposi"
1069210,"Adenocarcinoma, Clear Cell"
1069211,Uveal Neoplasms
1069212,"Melanoma, Cutaneous Malignant"
1069213,Chordoma
1069214,"Leukemia, Plasma Cell"
1069215,"Leukemia, Prolymphocytic, T-Cell"
1069216,"Lymphoma, Primary Effusion"
1069217,Plasmacytoma
1069218,"Rhabdomyosarcoma, Alveolar"
1069219,"Rhabdomyosarcoma, Embryonal"
1069220,Waldenstrom Macroglobulinemia
1069221,Growth Hormone-Secreting Pituitary Adenoma
1069222,"Leukemia, Myeloid, Chronic, Atypical, BCR-ABL Negative"
1069223,"Lymphoma, T-Cell"
1069224,"Leukemia, Erythroblastic, Acute"
1069225,"Adenocarcinoma, Follicular"
1069226,Gliosarcoma
1069227,Pheochromocytoma
1069228,Appendiceal Neoplasms
1069229,Biliary Tract Neoplasms
1069230,"Neoplasms, Unknown Primary"
1069231,Vascular Neoplasms
1069232,"Carcinoma, Endometrioid"
1069233,"Carcinoma, Merkel Cell"
1069234,Neuroectodermal Tumors
1069235,Neuroendocrine Tumors
1069236,Supratentorial Neoplasms
1069237,Central Nervous System Neoplasms
1069238,Ependymoma
1069239,Leukemia L1210
1069240,"Neoplasms, Neuroepithelial"
1069241,Neurilemmoma
1069242,Oligodendroglioma
1069243,"Neuroectodermal Tumors, Primitive, Peripheral"
1069244,Adenomatous Polyposis Coli
1069245,"Colorectal Neoplasms, Hereditary Nonpolyposis"
1069246,"Leukoplakia, Oral"
1069247,Malignant Carcinoid Syndrome
1069248,Hypopharyngeal Neoplasms
1069249,Maxillary Sinus Neoplasms
1069250,"Leukemia, Myelomonocytic, Acute"
1069251,Multiple Endocrine Neoplasia
1069252,Zollinger-Ellison Syndrome
1069253,Fallopian Tube Neoplasms
1069254,"Genital Neoplasms, Female"
1069255,Hepatoblastoma
1069256,"Histiocytic Disorders, Malignant"
1069257,"Melanoma, Amelanotic"
1069258,"Paraganglioma, Extra-Adrenal"
1069259,Liposarcoma
1069260,"Sarcoma, Synovial"
1069261,Teratoma
1069262,Urethral Neoplasms
1069263,Urogenital Neoplasms
1069264,Vaginal Neoplasms
1069265,Dermatofibrosarcoma
1069266,Nervous System Neoplasms
1069267,"Neoplasms, Fibrous Tissue"
1069268,Neoplasm Micrometastasis
1069269,Neurofibrosarcoma
1069270,Meningeal Carcinomatosis
1069271,Neoplastic Processes
1069272,Precursor B-Cell Lymphoblastic Leukemia-Lymphoma
1069273,"Adenomatosis, Pulmonary"
1069274,Carcinosarcoma
1069275,Desmoplastic Small Round Cell Tumor
1069276,"Lymphoma, Extranodal NK-T-Cell"
1069277,"Neoplasms, Bone Tissue"
1069278,Meningioma
1069279,"Leukemia, B-Cell"
1069280,"Leukemia, Radiation-Induced"
1069281,"Myelitis, Transverse"
1069282,"Pregnancy Complications, Neoplastic"
1069283,"Fibromatosis, Aggressive"
1069284,Phyllodes Tumor
1069285,"Sarcoma, Clear Cell"
1069286,Leukemic Infiltration
1069287,Hamartoma
1069288,"Leukemia, Myeloid, Chronic-Phase"
1069289,Endocrine Gland Neoplasms
1069290,Sebaceous Gland Neoplasms
1069291,"Neoplasms, Squamous Cell"
1069292,Follicular Cyst
1069293,Pancreatic Pseudocyst
1069294,"Adenoma, Bile Duct"
1069295,"Carcinoma, Adenosquamous"
1069296,Cystadenocarcinoma
1069297,Hemangioendothelioma
1069298,Parovarian Cyst
1069299,Lambert-Eaton Myasthenic Syndrome
1069300,"Thyroid Carcinoma, Anaplastic"
1069301,"Neoplasms, Radiation-Induced"
1069302,"Carcinoma, Signet Ring Cell"
1069303,"Breast Neoplasms, Male"
1069304,Penile Neoplasms
1069305,Seminoma
1069306,Tuberous Sclerosis
1069307,Mucocele
1069308,Adenosarcoma
1069309,Palatal Neoplasms
1069310,Sigmoid Neoplasms
1069311,Duodenal Neoplasms
1069312,Paraneoplastic Syndromes
1069313,Parotid Neoplasms
1069314,Sarcoma 180
1069315,Vipoma
1069316,Germinoma
1069317,Vulvar Neoplasms
1069318,Carcinoid Heart Disease
1069319,"Hemangioma, Cavernous, Central Nervous System"
1069320,"Mastocytosis, Cutaneous"
1069321,Lipoma
1069322,"Neoplasms, Connective Tissue"
1069323,Mesenchymoma
1069324,"Carcinoma, Medullary"
1069325,Mastocytosis
1069326,Parathyroid Neoplasms
1069327,Eye Neoplasms
1069328,"Carcinoma, Ductal"
1069329,Lymphangioleiomyomatosis
1069330,Immunoglobulin Light-chain Amyloidosis
1069331,"Sarcoma, Myeloid"
1069332,"Lymphoma, B-Cell, Marginal Zone"
1069333,Chondrosarcoma
1069334,Hemangioblastoma
1069335,"Lymphoma, Large-Cell, Immunoblastic"
1069336,Paranasal Sinus Neoplasms
1069337,Trophoblastic Neoplasms
1069338,"Genital Neoplasms, Male"
1069339,Cerebellar Neoplasms
1069340,"Neoplasms, Adipose Tissue"
1069341,"Adenoma, Islet Cell"
1069342,Muscle Neoplasms
1069343,"Cell Transformation, Viral"
1069344,Optic Nerve Glioma
1069345,"Carcinoma, Islet Cell"
1069346,Thymoma
1069347,"Adenoma, Acidophil"
1069348,Tonsillar Neoplasms
1069349,Brain Stem Neoplasms
1069350,Synovial Cyst
1069351,Splenic Neoplasms
1069352,Sturge-Weber Syndrome
1069353,Pilonidal Sinus
1069354,Ganglioneuroblastoma
1069355,"Neuroectodermal Tumor, Melanotic"
1069356,Dysplastic Nevus Syndrome
1069357,"Pleural Effusion, Malignant"
1069358,Leukoplakia
1069359,"Hemangioma, Cavernous"
1069360,"Carcinoma, Lobular"
1069361,Mediastinal Cyst
1069362,Endodermal Sinus Tumor
1069363,Sertoli-Leydig Cell Tumor
1069364,"Mixed Tumor, Mullerian"
1069365,Myxoma
1069366,Sezary Syndrome
1069367,Smooth Muscle Tumor
1069368,"Hemangioendothelioma, Epithelioid"
1069369,Lymphocele
1069370,"Neoplastic Syndromes, Hereditary"
1069371,Choledochal Cyst
1069372,Lymphangioma
1069373,"Hemangioma, Capillary"
1069374,Insulinoma
1069375,"Leukemia, Large Granular Lymphocytic"
1069376,"Fibromatosis, Abdominal"
1069377,Nerve Sheath Neoplasms
1069378,Gestational Trophoblastic Disease
1069379,Histiocytic Sarcoma
1069380,"Neurofibroma, Plexiform"
1069381,Opsoclonus-Myoclonus Syndrome
1069382,Choriocarcinoma
1069383,Xeroderma Pigmentosum
1069384,Spinal Cord Neoplasms
1069385,Spinal Neoplasms
1069386,Hemangiopericytoma
1069387,ACTH-Secreting Pituitary Adenoma
1069388,"Hamartoma Syndrome, Multiple"
1069389,Proteus Syndrome
1069390,"Sarcoma, Alveolar Soft Part"
1069391,"Chondrosarcoma, Mesenchymal"
1069392,"Leukemia, Megakaryoblastic, Acute"
1069393,"Leukemia, Myeloid, Accelerated Phase"
1069394,"Carcinoma, Mucoepidermoid"
1069395,Nevi and Melanomas
1069396,"Nevus, Epithelioid and Spindle Cell"
1069397,Genetic Predisposition to Disease
1069398,Ameloblastoma
1069399,Craniopharyngioma
1069400,Mandibular Neoplasms
1069401,Hereditary Breast and Ovarian Cancer Syndrome
1069402,Anaplasia
1069403,"Carcinoma, Intraductal, Noninfiltrating"
1069404,Cecal Neoplasms
1069405,Neoplasm Seeding
1069406,Li-Fraumeni Syndrome
1069407,"Leiomyoma, Epithelioid"
1069408,"Neoplasm, Residual"
1069409,Down Syndrome
1069410,Pilomatrixoma
1069411,"Liposarcoma, Myxoid"
1069412,Pulmonary Blastoma
1069413,"Exostoses, Multiple Hereditary"
1069414,Lymphomatoid Papulosis
1069415,Nevus
1069416,Birt-Hogg-Dube Syndrome
1069417,Digestive System Neoplasms
1069418,Angiokeratoma
1069419,Pallister-Hall Syndrome
1069420,Chondroblastoma
1069421,Hereditary Central Nervous System Demyelinating Diseases
1069422,Oropharyngeal Neoplasms
1069423,"Nevus, Sebaceous of Jadassohn"
1069424,Mediastinal Neoplasms
1069425,Hydatidiform Mole
1069426,"Adenoma, Oxyphilic"
1069427,Neurofibromatoses
1069428,Gastrinoma
1069429,Glucagonoma
1069430,Multiple Endocrine Neoplasia Type 1
1069431,Lynch Syndrome II
1069432,Muir-Torre Syndrome
1069433,"Histiocytoma, Benign Fibrous"
1069434,Carney Complex
1069435,Solitary Fibrous Tumors
1069436,Neurofibroma
1069437,Neurofibromatosis 1
1069438,"Nevus, Pigmented"
1069439,Neurofibromatosis 2
1069440,Myofibromatosis
1069441,WAGR Syndrome
1069442,Rhabdoid Tumor
1069443,Lipoblastoma
1069444,"ACTH Syndrome, Ectopic"
1069445,Rhabdomyoma
1069446,Heart Neoplasms
1069447,Linitis Plastica
1069448,Osteochondroma
1069449,Multiple Endocrine Neoplasia Type 2a
1069450,Multiple Endocrine Neoplasia Type 2b
1069451,Hypothalamic Diseases
1069452,Maxillary Neoplasms
1069453,Enteropathy-Associated T-Cell Lymphoma
1069454,"Neoplasm Regression, Spontaneous"
1069455,"Papilloma, Choroid Plexus"
1069456,Sweat Gland Neoplasms
1069457,Cryopyrin-Associated Periodic Syndromes
1069458,Brenner Tumor
1069459,Krukenberg Tumor
1069460,Mucopolysaccharidosis I
1069461,Kimura Disease
1069462,Adenofibroma
1069463,Hydroa Vacciniforme
1069464,Pellagra
1069465,Pachyonychia Congenita
1069466,"Arthritis, Rheumatoid"
1069467,"Lupus Erythematosus, Systemic"
1069468,"Carcinoma, Neuroendocrine"
1069469,Adenomyoepithelioma
1069470,Polyradiculopathy
1069471,Acanthoma
1069472,Telangiectasis
1069473,Photosensitivity Disorders
1069474,Laron Syndrome
1069475,"Scleroderma, Systemic"
1069476,Lichenoid Eruptions
1069477,"Lichen Planus, Oral"
1069478,Peripheral Nervous System Diseases
1069479,"Hepatitis B, Chronic"
1069480,"Liver Diseases, Alcoholic"
1069481,"Tuberculosis, Pulmonary"
1069482,"Cardiomyopathy, Dilated"
1069483,Dihydropyrimidine Dehydrogenase Deficiency
1069484,"Dermatitis, Atopic"
1069485,"Dermatitis, Contact"
1069486,"Influenza, Human"
1069487,Androgen-Insensitivity Syndrome
1069488,Tumor Lysis Syndrome
1069489,"Hypertension, Renal"
1069490,Kallmann Syndrome
1069491,Coronavirus Infections
1069492,Myofascial Pain Syndromes
1069493,Myoepithelioma
1069494,Melanosis
1069495,Chickenpox
1069496,Protein-Energy Malnutrition
1069497,Uterine Diseases
1069498,Congenital Hyperinsulinism
1069499,Neurocytoma
1069500,Galactosemias
1069501,Angiomatosis
1069502,"Hypertension, Pulmonary"
1069503,Galactorrhea
1069504,Epidermolysis Bullosa Acquisita
1069505,Hashimoto Disease
1069506,Subclavian Steal Syndrome
1069507,Poroma
1069508,Angiolipoma
1069509,Klippel-Feil Syndrome
1069510,Cerebellar Diseases
1069511,Prediabetic State
1069512,"Arthritis, Psoriatic"
1069513,"Obesity, Abdominal"
1069514,Neurogenic Bowel
1069515,Retinal Perforations
1069516,"Lupus Erythematosus, Cutaneous"
1069517,"Cystadenocarcinoma, Mucinous"
1069518,"Esthesioneuroblastoma, Olfactory"
1069519,Sex Cord-Gonadal Stromal Tumors
1069520,"Gonadal Dysgenesis, 46,XY"
1069521,Glycogen Storage Disease Type VI
1069522,"Glomerulosclerosis, Focal Segmental"
1069523,"Leukodystrophy, Globoid Cell"
1069524,"Paget Disease, Extramammary"
1069525,"Obstetric Labor, Premature"
1069526,"Alveolitis, Extrinsic Allergic"
1069527,"Spondylitis, Ankylosing"
1069528,"Enterocolitis, Necrotizing"
1069529,"Paraneoplastic Syndromes, Nervous System"
1069530,"Optic Atrophy, Autosomal Dominant"
1069531,"Leukemia, Basophilic, Acute"
1069532,"Encephalomyelitis, Autoimmune, Experimental"
1069533,"Dendritic Cell Sarcoma, Follicular"
1069534,Anti-N-Methyl-D-Aspartate Receptor Encephalitis
1069535,Myalgia
1069536,"Sarcoma, Small Cell"
1069537,"Neoplasms, Fibroepithelial"
1069538,Deltaretrovirus Infections
1069539,"Adrenal Hyperplasia, Congenital"
1069540,"Vasospasm, Intracranial"
1069541,"Nephroma, Mesoblastic"
1069542,"Adenocarcinoma, Sebaceous"
1069543,"Neoplasms, Muscle Tissue"
1069544,"Albinism, Oculocutaneous"
1069545,"Vasculitis, Leukocytoclastic, Cutaneous"
1069546,"Sleep Apnea, Obstructive"
1069547,Fibrocystic Breast Disease
1069548,"Pneumonia, Bacterial"
1069549,"Liver Failure, Acute"
1069550,Penile Induration
1069551,"Scleroderma, Localized"
1069552,"Thyroiditis, Autoimmune"
1069553,"Osteoporosis, Postmenopausal"
1069554,"Hyperparathyroidism, Primary"
1069555,"Pulmonary Disease, Chronic Obstructive"
1069556,"Fatty Liver, Alcoholic"
1069557,Pelvic Neoplasms
1069558,Squamous Intraepithelial Lesions
1069559,Thyroid Crisis
1069560,"Adenoma, Pleomorphic"
1069561,Acrospiroma
1069562,"Muscular Dystrophy, Duchenne"
1069563,"Lymphangioma, Cystic"
1069564,"Carcinoma, Verrucous"
1069565,"Kidney Failure, Chronic"
1069566,Brachial Plexus Neuropathies
1069567,"Goiter, Nodular"
1069568,"Pericarditis, Constrictive"
1069569,"Lung Diseases, Interstitial"
1069570,"Lung Diseases, Obstructive"
1069571,DNA Repair-Deficiency Disorders
1069572,"Menopause, Premature"
1069573,"Renal Insufficiency, Chronic"
1069574,"Pemphigoid, Bullous"
1069575,"Papilloma, Intraductal"
1069576,"Sarcoma, Endometrial Stromal"
1069577,Respiratory Distress Syndrome
1069578,"Cholestasis, Intrahepatic"
1069579,"Paget's Disease, Mammary"
1069580,"Carcinoma, Acinar Cell"
1069581,"Mixed Tumor, Malignant"
1069582,"Liver Cirrhosis, Biliary"
1069583,"Histiocytosis, Sinus"
1069584,Hyperemia
1069585,Antiphospholipid Syndrome
1069586,Eczema
1069587,Disseminated Intravascular Coagulation
1069588,Ileus
1069589,Radiculopathy
1069590,Binge Drinking
1069591,Cystitis
1069592,Musculoskeletal Pain
1069593,Goiter
1069594,Vascular Calcification
1069595,Measles
1069596,Soft Tissue Infections
1069597,Coronary Disease
1069598,Bronchiolitis
1069599,Pericardial Effusion
1069600,Enterocolitis
1069601,Febrile Neutropenia
1069602,Anaphylaxis
1069603,Graves Disease
1069604,Stomatitis
1069605,Vaccinia
1069606,Optic Neuritis
1069607,Polycythemia
1069608,Thrombophilia
1069609,Communicable Diseases
1069610,Acquired Immunodeficiency Syndrome
1069611,Neuromyelitis Optica
1069612,Myositis
1069613,Ataxia Telangiectasia
1069614,Intracranial Hypertension
1069615,Periodontal Diseases
1069616,Huntington Disease
1069617,Erythema
1069618,Gastroesophageal Reflux
1069619,Myelodysplastic Syndromes
1069620,Muscular Dystrophies
1069621,Acute Lung Injury
1069622,Dyskinesias
1069623,Venous Thrombosis
1069624,Hamman-Rich Syndrome
1069625,Myocardial Ischemia
1069626,Hypercholesterolemia
1069627,Liver Failure
1069628,Pleural Effusion
1069629,Macular Degeneration
1069630,Diabetic Retinopathy
1069631,Liver Cirrhosis
1069632,Pulmonary Embolism
1069633,Psoriasis
1069634,Bone Resorption
1069635,Urinary Tract Infections
1069636,Venous Thromboembolism
1069637,Periodontitis
1069638,Cataract
1069639,Cystic Fibrosis
1069640,Dermatitis
1069641,Crohn Disease
1069642,HIV Infections
1069643,Hypogonadism
1069644,Lymphoproliferative Disorders
1069645,End Stage Liver Disease
1069646,Idiopathic Pulmonary Fibrosis
1069647,Gastroenteritis
1069648,Hypertriglyceridemia
1069649,Mucositis
1069650,Thyroid Nodule
1069651,Prostatic Hyperplasia
1069652,Non-alcoholic Fatty Liver Disease
1069653,Pneumothorax
1069654,Macular Edema
1069655,Diabetes Mellitus
1069656,Glucose Intolerance
1069657,Polyneuropathies
1069658,Ventricular Dysfunction
1069659,Vitamin D Deficiency
1069660,Cerebral Infarction
1069661,Insulin Resistance
1069662,Arthritis
1069663,Asthma
1069664,Pneumonia
1069665,Tuberculosis
1069666,Parkinson Disease
1069667,Hepatitis C
1069668,Hepatitis B
1069669,Osteoarthritis
1069670,Dyslipidemias
1069671,Stroke
1069672,Hepatitis
1069673,Heart Failure
1069674,Alzheimer Disease
1069675,"Infertility, Male"
1069676,Poliomyelitis
1069677,Leiomyomatosis
1069678,Pseudomyxoma Peritonei
1069679,Protein Deficiency
1069680,Wiskott-Aldrich Syndrome
1069681,von Hippel-Lindau Disease
1069682,Ganglioneuroma
1069683,Granular Cell Tumor
1069684,Silicosis
1069685,Primary Ovarian Insufficiency
1069686,Lentigo
1069687,Gonadal Dysgenesis
1069688,Exophthalmos
1069689,Superior Vena Cava Syndrome
1069690,Sweet Syndrome
1069691,Hypertrichosis
1069692,Angiofibroma
1069693,Adenocarcinoma in Situ
1069694,Skin Ulcer
1069695,Glycogen Storage Disease
1069696,Pediatric Obesity
1069697,Porphyrias
1069698,Placenta Accreta
1069699,Hyperinsulinism
1069700,Hypospadias
1069701,Hyperprolactinemia
1069702,Ovarian Hyperstimulation Syndrome
1069703,Hirschsprung Disease
1069704,Takotsubo Cardiomyopathy
1069705,Hypopituitarism
1069706,Endometrial Hyperplasia
1069707,Bone Cysts
1069708,Pyoderma
1069709,Primary Myelofibrosis
1069710,Breast Diseases
1069711,Sjogren's Syndrome
1069712,Spondylosis
1069713,Myeloproliferative Disorders
1069714,Panniculitis
1069715,Severe Acute Respiratory Syndrome
1069716,Acne Vulgaris
1069717,Pyoderma Gangrenosum
1069718,Lichen Planus
1069719,Hyperandrogenism
1069720,Coronary Stenosis
1069721,Cholesteatoma
1069722,Azoospermia
1069723,Keratosis
1069724,Diabetes Insipidus
1069725,Thrombotic Microangiopathies
1069726,Vitiligo
1069727,Turner Syndrome
1069728,Fanconi Anemia
1069729,Migraine with Aura
1069730,Respiratory Insufficiency
1069731,"Diabetes Mellitus, Type 2"
1069732,Giant Cell Tumors
1069733,Myotonic Dystrophy
1069734,Mucormycosis
1069735,Hyperphosphatemia
1069736,Dyspareunia
1069737,Stevens-Johnson Syndrome
