1,Tetrachlorodibenzodioxin
2,Acetaminophen
3,Estradiol
4,Ammonium Chloride
5,Diethylnitrosamine
6,Tretinoin
7,Carbon Tetrachloride
8,Ethinyl Estradiol
9,Quercetin
10,pirinixic acid
11,Benzo(a)pyrene
12,Valproic Acid
13,Cisplatin
14,Cyclosporine
15,Testosterone
16,Tobacco Smoke Pollution
17,"Nanotubes, Carbon"
18,Progesterone
19,Aflatoxin B1
20,Doxorubicin
21,Thioacetamide
22,Troglitazone
23,Phenobarbital
24,perfluorooctane sulfonic acid
25,Folic Acid
26,Oxygen
27,trichostatin A
28,Ozone
29,Carcinogens
30,Calcitriol
31,sodium arsenite
32,Cadmium Chloride
33,Resveratrol
34,dorsomorphin
35,perfluorooctanoic acid
36,Arsenic Trioxide
37,Copper
38,Genistein
39,bisphenol S
40,Decitabine
41,diallyl trisulfide
42,Dexamethasone
43,Air Pollutants
44,Soot
45,Tetradecanoylphorbol Acetate
46,Rotenone
47,Ethanol
48,Particulate Matter
49,Tamoxifen
50,Diethylstilbestrol
51,bisphenol F
52,Curcumin
53,decamethrin
54,Hydrogen Peroxide
55,cobaltous chloride
56,palbociclib
57,Dietary Fats
58,furan
59,Methylcholanthrene
60,Cadmium
61,Dasatinib
62,bisphenol A
63,Copper Sulfate
64,acetamide
65,Lipopolysaccharides
66,Paraquat
67,Propylthiouracil
68,Mustard Gas
69,arsenite
70,Dibutyl Phthalate
71,Fenretinide
72,titanium dioxide
73,U 0126
74,Vehicle Emissions
75,Caffeine
76,ochratoxin A
77,vinclozolin
78,Zinc
79,Arsenic
80,Azathioprine
81,Acetylcysteine
82,trimellitic anhydride
83,Topotecan
84,Gentamicins
85,Lidocaine
86,(+)-JQ1 compound
87,Fluorouracil
88,Atrazine
89,nickel chloride
90,sodium bichromate
91,aristolochic acid I
92,Oxaliplatin
93,Clofibrate
94,Diethylhexyl Phthalate
95,Fulvestrant
96,Selenium
97,Ionomycin
98,Rosiglitazone
99,dan-shen root extract
100,Triclosan
101,Chlorpyrifos
102,Lucanthone
103,Paclitaxel
104,Polychlorinated Biphenyls
105,pyrazolanthrone
106,Andrographis paniculata extract
107,incobotulinumtoxinA
108,Dihydrotestosterone
109,Wortmannin
110,Endosulfan
111,tert-Butylhydroperoxide
112,Acrolein
113,Mifepristone
114,Metformin
115,Glucose
116,Simvastatin
117,N-Nitrosopyrrolidine
118,"Asbestos, Crocidolite"
119,Trichloroethylene
120,geraniol
121,Sunitinib
122,"9,10-Dimethyl-1,2-benzanthracene"
123,Nickel
124,Methotrexate
125,Ascorbic Acid
126,deoxynivalenol
127,Coumestrol
128,Raloxifene Hydrochloride
129,naringenin
130,SB 203580
131,Sirolimus
132,benzyloxycarbonylleucyl-leucyl-leucine aldehyde
133,Cycloheximide
134,Zearalenone
135,Acrylamide
136,abrine
137,Nicotine
138,"tris(1,3-dichloro-2-propyl)phosphate"
139,Isoproterenol
140,"Drugs, Chinese Herbal"
141,Silicon Dioxide
142,Pregnenolone Carbonitrile
143,Vorinostat
144,cypermethrin
145,Carbamazepine
146,Chelating Agents
147,systhane
148,Flutamide
149,trovafloxacin
150,Cannabidiol
151,"lipopolysaccharide, E coli O55-B5"
152,lead acetate
153,tributyltin
154,vinylidene chloride
155,Methamphetamine
156,Choline
157,Indomethacin
158,deguelin
159,Streptozocin
160,Diclofenac
161,Ivermectin
162,Antimycin A
163,Luteolin
164,Cellulose
165,Colforsin
166,Capsaicin
167,coumarin
168,Niclosamide
169,alpha-naphthoflavone
170,epigallocatechin gallate
171,Vitamin E
172,Etoposide
173,naringin
174,dicyclohexyl phthalate
175,Methionine
176,Chlorodiphenyl (54% Chlorine)
177,Dioxins
178,Dieldrin
179,Tunicamycin
180,T-2 Toxin
181,entinostat
182,sodium arsenate
183,Reactive Oxygen Species
184,bicalutamide
185,Phenformin
186,Latex
187,Dichloroacetic Acid
188,afimoxifene
189,Smoke
190,"erucylphospho-N,N,N-trimethylpropylammonium"
191,methylmercuric chloride
192,Dextran Sulfate
193,benzo(b)fluoranthene
194,Formaldehyde
195,pyrachlostrobin
196,Thapsigargin
197,NSC 689534
198,Plant Extracts
199,Glyphosate
200,Deoxycholic Acid
201,Dronabinol
202,kaempferol
203,Leflunomide
204,Berberine
205,Zoledronic Acid
206,"amphotericin B, deoxycholate drug combination"
207,tetrabromobisphenol A
208,Glutathione
209,PCB 180
210,Aspirin
211,Dimethylnitrosamine
212,mono-(2-ethylhexyl)phthalate
213,Methylnitronitrosoguanidine
214,chromium hexavalent ion
215,Cyclophosphamide
216,Melatonin
217,Silver
218,beta-Naphthoflavone
219,Methoxychlor
220,hexabromocyclododecane
221,Butyric Acid
222,Emodin
223,jinfukang
224,Benzene
225,monomethyl phthalate
226,Bleomycin
227,Phenylmercuric Acetate
228,Fructose
229,diethyl maleate
230,hydroquinone
231,Lead
232,Potassium Dichromate
233,Piroxicam
234,cyanoginosin LR
235,phenethyl isothiocyanate
236,Cuprizone
237,Gemcitabine
238,dimethyl phthalate
239,FR900359
240,JP8 aviation fuel
241,chrysin
242,cordycepin
243,Diuron
244,Okadaic Acid
245,Sorafenib
246,Irinotecan
247,Metribolone
248,"trans-10,cis-12-conjugated linoleic acid"
249,alpha-Chlorohydrin
250,Dactinomycin
251,Corticosterone
252,Dust
253,Cholecalciferol
254,nickel sulfate
255,Bortezomib
256,bisphenol B
257,triphenyl phosphate
258,Environmental Pollutants
259,perfluoro-n-nonanoic acid
260,sulforaphane
261,AZM551248
262,Lovastatin
263,triptolide
264,Triiodothyronine
265,Chenodeoxycholic Acid
266,CGP 52608
267,Vitamin K 3
268,DDT
269,fisetin
270,Temozolomide
271,Urethane
272,Mercuric Chloride
273,Palmitic Acid
274,Polycyclic Aromatic Hydrocarbons
275,propionaldehyde
276,naphthalene
277,Asbestos
278,Antirheumatic Agents
279,Fenofibrate
280,Lycopene
281,Sodium Fluoride
282,pterostilbene
283,Azacitidine
284,thymoquinone
285,propiconazole
286,methylselenic acid
287,"Toxins, Biological"
288,Methylnitrosourea
289,Lapatinib
290,obeticholic acid
291,Silver Compounds
292,Aerosols
293,monomethylarsonous acid
294,Azoxymethane
295,Gefitinib
296,Butyrates
297,AG 1879
298,Lithocholic Acid
299,"Asbestos, Serpentine"
300,Dinitrochlorobenzene
301,Sodium Selenite
302,Docetaxel
303,cupric oxide
304,Cholesterol
305,Soman
306,tanshinone
307,Monocrotaline
308,Methimazole
309,cobaltiprotoporphyrin
310,Flame Retardants
311,Blood Glucose
312,Deferoxamine
313,baicalein
314,Apigenin
315,Succimer
316,Daunorubicin
317,"N-(oxo-5,6-dihydrophenanthridin-2-yl)-N,N-dimethylacetamide hydrochloride"
318,RTKI cpd
319,indole-3-carbinol
320,"o,p'-DDT"
321,Ketoconazole
322,Hexachlorobenzene
323,Methapyrilene
324,Chloroprene
325,Dimethyl Sulfoxide
326,Amiodarone
327,methacrylaldehyde
328,Camptothecin
329,Inulin
330,polyhexamethyleneguanidine
331,pyrrolidine dithiocarbamic acid
332,Silybin
333,Iron
334,Dichlorodiphenyl Dichloroethylene
335,MK 2206
336,Mercury
337,epoxiconazole
338,Atorvastatin
339,Magnetite Nanoparticles
340,N-nitrosomorpholine
341,Erlotinib Hydrochloride
342,Cobalt
343,Dinoprostone
344,Dehydroepiandrosterone
345,Panobinostat
346,Diazinon
347,Lithium Chloride
348,myricetin
349,GW 4064
350,Chloroquine
351,butylbenzyl phthalate
352,Nitric Oxide
353,Flavonoids
354,fenvalerate
355,platycodin D
356,Alitretinoin
357,Volatile Organic Compounds
358,Plant Preparations
359,butyraldehyde
360,monobutyl phthalate
361,nitrofen
362,Gold
363,Zinc Oxide
364,Imatinib Mesylate
365,K 7174
366,alpha-pinene
367,Eugenol
368,Staurosporine
369,Permethrin
370,andrographolide
371,Buthionine Sulfoximine
372,dicrotophos
373,azoxystrobin
374,Cacodylic Acid
375,Methylmercury Compounds
376,fumonisin B1
377,Piperonyl Butoxide
378,nonylphenol
379,"Cholesterol, Dietary"
380,gingerol
381,nefazodone
382,alpha-Tocopherol
383,bifenthrin
384,mercuric bromide
385,Phytoestrogens
386,Bucladesine
387,Methyl Methanesulfonate
388,wogonin
389,Vinblastine
390,Rutin
391,sulindac sulfide
392,Phenylephrine
393,Enzyme Inhibitors
394,celastrol
395,perfluorohexanesulfonic acid
396,picoxystrobin
397,Ursodeoxycholic Acid
398,squalestatin 1
399,cyhalothrin
400,pifithrin
401,decabromobiphenyl ether
402,Malathion
403,Cephaloridine
404,Sevoflurane
405,Thioctic Acid
406,Quartz
407,cadmium acetate
408,Silymarin
409,"lipopolysaccharide, Escherichia coli O111 B4"
410,Losartan
411,daidzein
412,puerarin
413,"Asbestos, Amphibole"
414,Docosahexaenoic Acids
415,Amitrole
416,diphenyleneiodonium
417,Arachidonic Acid
418,cupric chloride
419,Mitomycin
420,morin
421,Ibuprofen
422,Hydrocortisone
423,Isoflavones
424,Vancomycin
425,Glucosamine
426,Polyphenols
427,Hyaluronic Acid
428,Hexachlorocyclohexane
429,geldanamycin
430,"N-(N-(3,5-difluorophenacetyl)alanyl)phenylglycine tert-butyl ester"
431,Aluminum Chloride
432,Glycochenodeoxycholic Acid
433,Sulindac
434,Adenosine Triphosphate
435,senecionine
436,Pectins
437,Palm Oil
438,N-(2-cyclohexyloxy-4-nitrophenyl)methanesulfonamide
439,"lipopolysaccharide, E. coli O26-B6"
440,"apigenin-6,8-di-C-glycopyranoside"
441,Celecoxib
442,ferrous sulfate
443,bis(tri-n-butyltin)oxide
444,tinuvin
445,Manganese
446,cinnamaldehyde
447,ginsenoside Rg1
448,quinone
449,methyleugenol
450,Arsenicals
451,Vincristine
452,nimesulide
453,Diquat
454,triptonide
455,tetrandrine
456,schizandrin B
457,Medroxyprogesterone Acetate
458,Allethrins
459,Isotretinoin
460,Oleic Acid
461,"alpha-cyano-(3,4-dihydroxy)-N-benzylcinnamide"
462,hesperetin
463,prolinedithiocarbamate
464,Estrogens
465,Acetaldehyde
466,Colchicine
467,Zinc Sulfate
468,galangin
469,methylarsine oxide
470,Tungsten
471,Oleanolic Acid
472,Ovalbumin
473,caffeic acid phenethyl ester
474,bromobenzene
475,LDN 193189
476,Vitallium
477,Menthol
478,Amphetamine
479,nickel monoxide
480,ICG 001
481,alisol B 23-acetate
482,Ribonucleotides
483,Rifampin
484,Glycocholic Acid
485,Pesticides
486,Chlorine
487,"N-Methyl-3,4-methylenedioxyamphetamine"
488,piperine
489,"S-(1,2-dichlorovinyl)cysteine"
490,Sodium Chloride
491,Vanadates
492,Bexarotene
493,Silver Nitrate
494,rottlerin
495,Linuron
496,Vemurafenib
497,zinc chloride
498,diallyl disulfide
499,Chromium
500,Saponins
501,Androgens
502,Disulfiram
503,"N,N,N',N'-tetrakis(2-pyridylmethyl)ethylenediamine"
504,Masoprocol
505,leptomycin B
506,Croton Oil
507,Coal Tar
508,Chlorogenic Acid
509,isoliquiritigenin
510,lasiocarpine
511,Chir 99021
512,tanespimycin
513,"ammonium 2,3,3,3-tetrafluoro-2-(heptafluoropropoxy)-propanoate"
514,Ellagic Acid
515,oridonin
516,estradiol 3-benzoate
517,N-(2-(4-bromocinnamylamino)ethyl)-5-isoquinolinesulfonamide
518,Glycodeoxycholic Acid
519,Indirubin E804
520,Pilocarpine
521,Dietary Sucrose
522,Sulfasalazine
523,Omeprazole
524,Sodium Glutamate
525,Trinitrobenzenesulfonic Acid
526,Mevalonic Acid
527,iodopravadoline
528,Butylated Hydroxyanisole
529,zerumbone
530,triadimefon
531,folpet
532,Parathion
533,fluoranthene
534,Phloretin
535,bisindolylmaleimide I
536,Carmustine
537,Sulfadimethoxine
538,Betulinic Acid
539,cyproconazole
540,Chlordecone
541,Clozapine
542,fipronil
543,Niacinamide
544,acetovanillone
545,potassium chromate(VI)
546,Dithiothreitol
547,formononetin
548,glycidol
549,nitrosobenzylmethylamine
550,mangiferin
551,Arecoline
552,Calcium
553,Uric Acid
554,Gasoline
555,linalool
556,Tacrolimus
557,sodium bisulfide
558,withaferin A
559,Catechin
560,SB 216763
561,Mechlorethamine
562,Acetic Acid
563,Pioglitazone
564,dieckol
565,Oxazolone
566,Pentachlorophenol
567,shogaol
568,Letrozole
569,chloropicrin
570,shikonin
571,mono-benzyl phthalate
572,diethyl phthalate
573,Phytochemicals
574,ciglitazone
575,GW 3965
576,dioscin
577,n-butoxyethanol
578,allyl sulfide
579,flavone
580,Cocaine
581,methidathion
582,"Toluene 2,4-Diisocyanate"
583,Heparin
584,isoquercitrin
585,Captan
586,Vitamin A
587,Hesperidin
588,Gallic Acid
589,Rosmarinic Acid
590,Ginkgo biloba extract
591,Zidovudine
592,Ciguatoxins
593,Fenthion
594,pyrazole
595,Ursolic Acid
596,seocalcitol
597,SRT1720
598,Pyrethrins
599,DEET
600,Butylated Hydroxytoluene
601,biochanin A
602,taxifolin
603,Potassium Iodide
604,zinc protoporphyrin
605,Antimony Potassium Tartrate
606,Oxidopamine
607,Maneb
608,loliolide
609,xanthohumol
610,Hemin
611,Ritonavir
612,belinostat
613,Morphine
614,Thalidomide
615,"pregna-4,17-diene-3,16-dione"
616,Zymosan
617,prochloraz
618,Thimerosal
619,salinomycin
620,Humic Substances
621,testosterone-3-carboxymethyloxime-bovine serum albumin conjugate
622,"dibenzo(a,l)pyrene"
623,pentabromodiphenyl ether
624,Glafenine
625,Thyroxine
626,riddelliine
627,olaparib
628,Bezafibrate
629,perfluoroundecanoic acid
630,Pravastatin
631,Methyltestosterone
632,Spironolactone
633,Chlorpromazine
634,T0901317
635,KN 93
636,Nitroprusside
637,pentabrominated diphenyl ether 100
638,Zinc Acetate
639,Ketamine
640,tetrathiomolybdate
641,betulin
642,"N-methyl-delta-3,3-dihydroindole-2,2 diketone"
643,bafilomycin A1
644,notoginsenoside R1
645,Clofibric Acid
646,Lactic Acid
647,Cyclic AMP
648,afuresertib
649,"Water Pollutants, Chemical"
650,procymidone
651,ethylene dichloride
652,Fluoxetine
653,Y 27632
654,Galactose
655,Buspirone
656,saikosaponin D
657,Lithium
658,hexabrominated diphenyl ether 153
659,fludarabine
660,caryophyllene
661,ethyl 6-(N-(2-chloro-4-fluorophenyl)sulfamoyl)cyclohex-1-ene-1-carboxylate
662,Pertussis Toxin
663,Flurbiprofen
664,Phenytoin
665,geranylgeranyl pyrophosphate
666,Pyruvaldehyde
667,Ethyl Methanesulfonate
668,NVP-BKM120
669,testosterone enanthate
670,moringin
671,Sterigmatocystin
672,boric acid
673,Eicosapentaenoic Acid
674,tempol
675,p-Chloromercuribenzoic Acid
676,dictamnine
677,Styrene
678,Calcimycin
679,artenimol
680,Galactosamine
681,Artesunate
682,Puromycin Aminonucleoside
683,Tosylphenylalanyl Chloromethyl Ketone
684,ON 01910
685,Taurine
686,mancozeb
687,nobiletin
688,Fungal Polysaccharides
689,Fish Oils
690,Ethylnitrosourea
691,Fatty Acids
692,Lipids
693,embelin
694,ginsenoside Rg3
695,Sodium Dodecyl Sulfate
696,Adenosine
697,TAK-243
698,ursodoxicoltaurine
699,Erythromycin Estolate
700,Rimonabant
701,Fenbendazole
702,ligustilide
703,Betaine
704,neferine
705,oxybenzone
706,tetramethylpyrazine
707,propylparaben
708,oxophenylarsine
709,carbendazim
710,colistinmethanesulfonic acid
711,"N-(2-(1,1'-bicyclopropyl)-2-ylphenyl)-3-(difluoromethyl)-1-methyl-1H-pyrazole-4-carboxamide"
712,Orlistat
713,Freund's Adjuvant
714,nimbolide
715,lupeol
716,gamma-Tocopherol
717,palmatine
718,trametinib
719,Fluorides
720,paeonol
721,tangeretin
722,Acrylonitrile
723,Ouabain
724,beta-methylcholine
725,usnic acid
726,morroniside
727,cylindrospermopsin
728,Heptachlor
729,Go 6976
730,Polysaccharides
731,NSC668394
732,caffeic acid
733,sirtinol
734,lactacystin
735,tris(chloroethyl)phosphate
736,Hydroxamic Acids
737,Poly I-C
738,rhodioloside
739,aniline
740,diisononyl phthalate
741,Aluminum Oxide
742,demethoxycurcumin
743,linsidomine
744,manganese(III)-tetrakis(4-benzoic acid)porphyrin
745,beta Carotene
746,bergenin
747,cyanidin-3-O-beta-glucopyranoside
748,"Air Pollutants, Occupational"
749,tricarbonyldichlororuthenium (II) dimer
750,pyrithione zinc
751,dimethylarsinous acid
752,Sulfur Dioxide
753,Taurocholic Acid
754,"pyrazolo(3,4-d)pyrimidine"
755,Phytic Acid
756,cadmium sulfate
757,enzalutamide
758,phenanthrene
759,Benzbromarone
760,Chitosan
761,Deoxyglucose
762,Demecolcine
763,Linoleic Acid
764,fludioxonil
765,Glycyrrhizic Acid
766,Vanadium
767,Bilirubin
768,tetrachloroisophthalonitrile
769,lard
770,glycidamide
771,Androstenedione
772,Tea
773,nickel subsulfide
774,Sodium Salicylate
775,"Antigens, Polyomavirus Transforming"
776,delphinidin
777,ferulic acid
778,imidacloprid
779,gadolinium chloride
780,Carvedilol
781,Plant Oils
782,p-coumaric acid
783,bromoacetate
784,AKT activator SC79
785,piperlongumine
786,alvocidib
787,sauchinone
788,Polystyrenes
789,acetyl methyl tetramethyl tetralin
790,lysophosphatidic acid
791,procyanidin B2
792,triphenyltin
793,kahweol
794,Sucrose
795,Dichlororibofuranosylbenzimidazole
796,"Fatty Acids, Omega-3"
797,ferric oxide
798,AICA ribonucleotide
799,acteoside
800,Edaravone
801,valdecoxib
802,Bee Venoms
803,oxymatrine
804,rebaudioside A
805,Pyridostigmine Bromide
806,Cantharidin
807,tamibarotene
808,Ranitidine
809,Epirubicin
810,lead nitrate
811,arctigenin
812,protocatechuic acid
813,Methylene Chloride
814,thallium nitrate
815,tubocapsenolide A
816,Prodigiosin
817,potassium bromate
818,Biological Products
819,esculetin
820,quinocetone
821,dibenzoylmethane
822,W 7
823,MK-886
824,ferric nitrilotriacetate
825,LG 100815
826,N-acetylsphingosine
827,Propolis
828,Citrinin
829,icariin
830,Carnosine
831,lead chloride
832,"octa-2,4,6-trienoic acid"
833,tin protoporphyrin IX
834,anacardic acid
835,benz(a)anthracene
836,Nitrogen Dioxide
837,Phosphatidylcholines
838,Finasteride
839,rebamipide
840,Organoselenium Compounds
841,Kainic Acid
842,methylparaben
843,fullerene C60
844,gossypin
845,curdlan
846,pipoxolan
847,crocin
848,Nocodazole
849,S-2-pentyl-4-pentynoic hydroxamic acid
850,fenpyroximate
851,tomentosin
852,Amodiaquine
853,Riboflavin
854,honokiol
855,polydatin
856,perfluorobutyric acid
857,romidepsin
858,zingerone
859,bufalin
860,Dopamine
861,Halogenated Diphenyl Ethers
862,delta-tocopherol
863,casticin
864,Norepinephrine
865,anethole
866,Graphite
867,Homocysteine
868,baicalin
869,coenzyme Q10
870,ciprofibrate
871,tris(2-butoxyethyl) phosphate
872,cyclonite
873,indirubin-3'-monoxime
874,Methoxsalen
875,butein
876,ginsenoside Re
877,ascorbate-2-phosphate
878,mirdametinib
879,iprodione
880,goniothalamin
881,sulindac sulfone
882,tungsten carbide
883,Carbon Monoxide
884,theaflavin
885,arsenic disulfide
886,Tocopherols
887,Valsartan
888,Hydrochloric Acid
889,kojic acid
890,"Antigens, Bacterial"
891,Glupearl 19S
892,Tetracycline
893,AH 23848
894,bisdemethoxycurcumin
895,"N-(2,3-dichloro-4-hydroxyphenyl)-1-methylcyclohexanecarboxamide"
896,Cilostazol
897,Crizotinib
898,ebselen
899,ethylene dimethanesulfonate
900,alternariol
901,fatostatin
902,SN50 peptide
903,Budesonide
904,monoisononylphthalate
905,Hydroxyurea
906,Benomyl
907,vinyl carbamate
908,Atazanavir Sulfate
909,Peroxynitrous Acid
910,alachlor
911,Ethacrynic Acid
912,Bile Acids and Salts
913,Farnesol
914,Anthocyanins
915,diphenylarsinic acid
916,Aristolochic Acids
917,chrysene
918,"indeno(1,2,3-cd)pyrene"
919,"Sodium Chloride, Dietary"
920,eriodictyol
921,methoxyacetic acid
922,Mitoxantrone
923,CPG-oligonucleotide
924,"malondialdehyde-low density lipoprotein, human"
925,S-Adenosylmethionine
926,destruxin B
927,farrerol
928,trimethyltin
929,aflatoxin B2
930,Melitten
931,Phlorhizin
932,Ifosfamide
933,Isoflurane
934,stattic
935,Titanium
936,selenomethylselenocysteine
937,Benzoic Acid
938,Palmitates
939,solasodine
940,decursin
941,Cytarabine
942,BAY 11-7085
943,Anisomycin
944,Benzalkonium Compounds
945,Protein Kinase Inhibitors
946,Flavanones
947,Vinyl Chloride
948,Dinoprost
949,Estriol
950,Triterpenes
951,graphene oxide
952,Cholic Acid
953,Thiram
954,ML 7
955,dapagliflozin
956,bardoxolone methyl
957,Polyethylene Glycols
958,Selenomethionine
959,benzo(k)fluoranthene
960,Diosgenin
961,Phosgene
962,Allopurinol
963,pimagedine
964,Aspartame
965,Theophylline
966,GSK-J4
967,Biological Factors
968,Mitotane
969,epicatechin gallate
970,mono-isobutyl phthalate
971,Fluvastatin
972,dimethoxycurcumin
973,ellipticine
974,PI103
975,Carnitine
976,Ammonia
977,enilconazole
978,pyrimidifen
979,Metals
980,ceric oxide
981,Cholic Acids
982,stevioside
983,Viper Venoms
984,"Linoleic Acids, Conjugated"
985,Grape Seed Proanthocyanidins
986,Cytochalasin D
987,salvianolic acid B
988,Chalcones
989,pinostrobin
990,S-allylcysteine
991,steviol
992,AGN 194204
993,Carboplatin
994,Chlordan
995,astilbin
996,Toluene
997,licochalcone A
998,Patulin
999,cryptotanshinone
1000,Glyburide
1001,Ro 31-8220
1002,tetramethrin
1003,profenofos
1004,nodularin
1005,perfluorodecanoic acid
1006,Proanthocyanidins
1007,Vitamin D
1008,evodiamine
1009,Furosemide
1010,Histamine
1011,NADP
1012,Dihydroxyacetone
1013,Ginsenosides
1014,NCX 4040
1015,Phycocyanin
1016,Dutasteride
1017,terbutylazine
1018,perfluorododecanoic acid
1019,estradiol-17 beta-glucuronide
1020,perfosfamide
1021,senkirkine
1022,Clobetasol
1023,Methyl Parathion
1024,ruxolitinib
1025,cyfluthrin
1026,Corn Oil
1027,Pentoxifylline
1028,rhein
1029,Carbonyl Cyanide p-Trifluoromethoxyphenylhydrazone
1030,Aluminum
1031,aflatoxin G1
1032,Albuterol
1033,oltipraz
1034,tebuconazole
1035,monomethylarsonic acid
1036,aloe emodin
1037,Nonidet P-40
1038,butylparaben
1039,Hydrogen Sulfide
1040,Clodronic Acid
1041,Busulfan
1042,garcinol
1043,SC 560
1044,cryptolepine
1045,Ethionine
1046,"O(2)-(2,4-dinitrophenyl) 1-((4-ethoxycarbonyl)piperazin-1-yl)diazen-1-ium-1,2-diolate"
1047,Olive Oil
1048,peoniflorin
1049,lonafarnib
1050,Peptidoglycan
1051,naphthenic acid
1052,capsazepine
1053,chelerythrine
1054,"endotoxin, Escherichia coli"
1055,Monocrotophos
1056,monoethyl phthalate
1057,Naphthalenes
1058,HhAntag691
1059,carfilzomib
1060,nilotinib
1061,corosolic acid
1062,Cysteine
1063,Warfarin
1064,Enalapril
1065,arsenic trichloride
1066,Chalcone
1067,manganese chloride
1068,astaxanthine
1069,Lansoprazole
1070,Bosentan
1071,"Hydrocarbons, Chlorinated"
1072,Telmisartan
1073,Egtazic Acid
1074,Polyethyleneimine
1075,aminomethylphosphonic acid (AMPA)
1076,motexafin gadolinium
1077,indirubin
1078,magnolol
1079,Qingdai compound
1080,sphingosine 1-phosphate
1081,cumene hydroperoxide
1082,gamma-sitosterol
1083,undecane
1084,XAV939
1085,Superoxides
1086,Miconazole
1087,Ruthenium
1088,Mycophenolic Acid
1089,Matrines
1090,pseudocumene
1091,galaxolide
1092,Cannabinoids
1093,trimethylarsine oxide
1094,Oxyquinoline
1095,apicidin
1096,Gliclazide
1097,albicanol
1098,Herbicides
1099,TAK-875
1100,Paraoxon
1101,Sesquiterpenes
1102,Ceruletide
1103,gallocatechol
1104,ganoderic acid A
1105,gambogic acid
1106,butylidenephthalide
1107,lemongrass oil
1108,Dobutamine
1109,Probenecid
1110,Promethazine
1111,quercetin 3-O-glucuronide
1112,Carrageenan
1113,ON123300
1114,"O(2)-vinyl-1-(pyrrolidin-1-yl)diazen-1-ium-1,2-diolate"
1115,Tetrachloroethylene
1116,Mebendazole
1117,Nevirapine
1118,paricalcitol
1119,Vitamin B 12
1120,Phenol
1121,cadmium telluride
1122,lipoteichoic acid
1123,enzacamene
1124,Rapeseed Oil
1125,Tacrine
1126,bromochloroacetic acid
1127,glaucocalyxin A
1128,Qing Ye Dan
1129,Retinoids
1130,phosphoramide mustard
1131,bismuth tripotassium dicitrate
1132,candesartan
1133,Thiostrepton
1134,tryptanthrine
1135,Everolimus
1136,NG-Nitroarginine Methyl Ester
1137,dactolisib
1138,osthol
1139,Platinum
1140,Propranolol
1141,flavanone
1142,Stilbenes
1143,Verapamil
1144,quinoline
1145,Aldosterone
1146,homoorientin
1147,salvin
1148,lipoxin A4
1149,"monoisoamyl-2,3-dimercaptosuccinate"
1150,thifluzamide
1151,chromous chloride
1152,Mesalamine
1153,Geraniin
1154,trans-sodium crocetinate
1155,trilobatin
1156,antimonite
1157,Limonene
1158,isoeugenol
1159,vanadyl sulfate
1160,juglone
1161,Phthalic Acids
1162,hydroxyflutamide
1163,nectandrin-B
1164,Mangifera indica extract
1165,eupatilin
1166,antrocin
1167,aurin
1168,Water Pollutants
1169,"Amino Acids, Peptides, and Proteins"
1170,amlexanox
1171,asiatic acid
1172,zearalenol
1173,Ferrosoferric Oxide
1174,Desoxycorticosterone
1175,pevonedistat
1176,benzo(e)pyrene
1177,oleuropein
1178,obacunone glucoside
1179,Prednisolone
1180,pelargonidin
1181,ophiopogonin D
1182,pantogab
1183,bisindolylmaleimide
1184,manumycin
1185,Anthraquinones
1186,fucoidan
1187,Niacin
1188,homoeriodictyol
1189,mivebresib
1190,sophoricoside
1191,ferric ammonium citrate
1192,CD 437
1193,Pyrogallol
1194,octylmethoxycinnamate
1195,Benzophenanthridines
1196,"Fatty Acids, Nonesterified"
1197,cumene
1198,Organometallic Compounds
1199,Sodium Nitrite
1200,Tadalafil
1201,AC 93253
1202,Potassium Chloride
1203,MRK 003
1204,Fingolimod Hydrochloride
1205,genipin
1206,reparixin
1207,baohuoside I
1208,Pentobarbital
1209,Uranium
1210,alpha-Linolenic Acid
1211,napabucasin
1212,scoparone
1213,sotorasib
1214,STA 9090
1215,Equol
1216,morusin
1217,pervanadate
1218,phosalone
1219,syringic acid
1220,dimethyl-4-toluidine
1221,aurapten
1222,vanillin
1223,methyl cellosolve
1224,Dizocilpine Maleate
1225,neocuproine
1226,Aripiprazole
1227,stearic acid
1228,Anthralin
1229,benazepril
1230,obacunone
1231,"Antigens, Dermatophagoides"
1232,vanadium pentoxide
1233,oxidized-L-alpha-1-palmitoyl-2-arachidonoyl-sn-glycero-3-phosphorylcholine
1234,Reserpine
1235,herbimycin
1236,NMS-873
1237,Nifedipine
1238,mithramycin A
1239,catechol
1240,Eucalyptol
1241,Clioquinol
1242,Isoniazid
1243,salvianolic acid A
1244,"benzo(a)pyrene 7,8-dihydrodiol"
1245,polyphyllin I
1246,Imiquimod
1247,azaspiracid
1248,royal jelly
1249,"9,10-phenanthrenequinone"
1250,Polyribonucleotides
1251,allyl isothiocyanate
1252,Hexestrol
1253,licochalcone B
1254,Carbamates
1255,cerous chloride
1256,matairesinol
1257,ponatinib
1258,A 419259
1259,"Cholesterol, LDL"
1260,sanguinarine
1261,Carteolol
1262,Allergens
1263,SC-66 compound
1264,chloroacetaldehyde
1265,SCH772984
1266,Quinazolines
1267,cinobufagin
1268,protopanaxadiol
1269,Calcifediol
1270,Sarin
1271,Liraglutide
1272,tallow
1273,nano-diamino-tetrac
1274,MitoTEMPO
1275,SU 5402
1276,IMOL S-140
1277,Mercaptopurine
1278,didecyldimethylammonium
1279,tesaglitazar
1280,Perindopril
1281,hydrazine
1282,aucubin
1283,Carbon
1284,parthenolide
1285,Arginine
1286,S-ethyl glutathione
1287,veliparib
1288,quercitrin
1289,NVP-TAE684
1290,alpha-hexachlorocyclohexane
1291,Sodium Cholate
1292,myrrh resin
1293,chromic oxide
1294,kaempferol 7-O-glucoside
1295,triciribine
1296,dicyclanil
1297,nerolidol
1298,Dietary Carbohydrates
1299,fasudil
1300,Tartrazine
1301,pyrimidin-2-one beta-ribofuranoside
1302,gossypol acetic acid
1303,Mestranol
1304,Excitatory Amino Acid Agonists
1305,S-Nitrosoglutathione
1306,citral
1307,hydroxysafflor yellow A
1308,T 0070907
1309,GSK3235025
1310,Fenitrothion
1311,Neomycin
1312,perfluorooctanesulfonamide
1313,Digitoxin
1314,osimertinib
1315,AM 251
1316,pyrene
1317,macrophage stimulatory lipopeptide 2
1318,darinaparsin
1319,Proadifen
1320,plumbagin
1321,Benzoates
1322,Aniline Compounds
1323,methyl caffeate
1324,CMF regimen
1325,Excitatory Amino Acid Agents
1326,TMC 120A
1327,ferrous chloride
1328,SR 144528
1329,Dicumarol
1330,ferric chloride
1331,salubrinal
1332,methyl-beta-cyclodextrin
1333,Arsenates
1334,"enterotoxin B, staphylococcal"
1335,Ethylene Chlorohydrin
1336,tephrosin
1337,ferrostatin-1
1338,aroclor 1260
1339,S-Nitroso-N-Acetylpenicillamine
1340,hydroxyhydroquinone
1341,ginkgolide C
1342,Isothiocyanates
1343,schizandrol B
1344,anandamide
1345,Dimethylformamide
1346,azadirachtin
1347,gastrodin
1348,zinc sulfide
1349,cinnamyl alcohol
1350,idelalisib
1351,Trientine
1352,tipifarnib
1353,fosbretabulin
1354,PKF115-584
1355,GW 501516
1356,Haloperidol
1357,Alloxan
1358,beta-glycerophosphoric acid
1359,asparanin A
1360,Cotinine
1361,amyloid beta-protein (25-35)
1362,loganin
1363,ovalbumin-alum
1364,sodium pentaborate
1365,gallium nitrate
1366,9-methoxycamptothecin
1367,echimidine
1368,cirsimarin
1369,norcantharidin
1370,3-((2-benzyl-6-(3-hydroxy-4-methoxypyrrolidin-1-yl)pyridin-3-yl)ethynyl)quinuclidin-3-ol
1371,3-((2-benzyl-6-(3-methoxypropyloxy)pyridin-3-yl)ethynyl)quinuclidin-3-ol
1372,4-(2'-methoxyphenyl)-1-(2'-(N-(2''-pyridinyl)-4-iodobenzamido)ethyl)piperazine
1373,4-Nitroquinoline-1-oxide
1374,"5-isopropyl-6-(5-methyl-1,3,4-oxadiazol-2-yl)-N-(2-methyl-1H-pyrrolo(2,3-b)pyridin-5-yl)pyrrolo(2,1-f)(1,2,4)triazin-4-amine"
1375,6-methyl-2-(phenylethynyl)pyridine
1376,"7H-dibenzo(c,g)carbazole"
1377,"90Y-octreotide, DOTA-Tyr(3)-"
1378,"9-(4'-aminophenyl)-9H-pyrido(3,4-b)indole"
1379,"9-(6-aminopyridin-3-yl)-1-(3-(trifluoromethyl)phenyl)benzo(h)(1,6)naphthyridin-2(1H)-one"
1380,9-deoxy-delta-9-prostaglandin D2
1381,9-(tetrahydro-2-furyl)-adenine
1382,abamectin
1383,abemaciclib
1384,abiraterone
1385,Abiraterone Acetate
1386,ABT-100
1387,ABT-737
1388,ABVD protocol
1389,acadesine
1390,Acarbose
1391,Acebutolol
1392,aceglatone
1393,ACE protocol 1
1394,acetochlor
1395,Acetone
1396,acetone cyanohydrin
1397,acetoxime
1398,acetoxyestrone
1399,ACFM protocol
1400,ACF protocol
1401,acifluorfen
1402,Acitretin
1403,acivicin
1404,Aclarubicin
1405,ACOMLA protocol
1406,Aconitine
1407,AC protocol
1408,Acridine Orange
1409,Acridines
1410,Active Hexose Correlated Compound
1411,acylfulvene
1412,Adapalene
1413,adavosertib
1414,Adenovirus E1A Proteins
1415,Adhesives
1416,Adnab-9
1417,Ado-Trastuzumab Emtansine
1418,Adrenal Cortex Hormones
1419,Adrenocorticotropic Hormone
1420,AEE 788
1421,AEG 35156
1422,Afatinib
1423,aflatoxin-B1-N7-guanine
1424,Aflatoxins
1425,AG-041R
1426,Agent Orange
1427,AIEOP acute lymphoblastic leukemia protocol
1428,"Air Pollutants, Radioactive"
1429,AL-10 compound
1430,AL851 protocol
1431,Albumin-Bound Paclitaxel
1432,alcoholic prolamine solution
1433,Aldicarb
1434,Aldrin
1435,alectinib
1436,Alendronate
1437,alfacalcidol
1438,ALHR88 protocol
1439,Alkylating Agents
1440,ALL-82 protocol
1441,ALL-BFM-95 protocol
1442,(all-E) phytoene
1443,alliin
1444,Alloys
1445,allyl alcohol
1446,Allyl Compounds
1447,"alpha,beta-methyleneadenosine 5'-diphosphate"
1448,alpha-hydroxyglutarate
1449,alpha-terthienyl
1450,alpha-viniferin
1451,alpinumisoflavone
1452,Altretamine
1453,amarogentin
1454,Ambenonium Chloride
1455,ametryne
1456,AMF protocol
1457,Amidines
1458,Amifostine
1459,Amiloride
1460,Aminoglutethimide
1461,Aminolevulinic Acid
1462,Aminophylline
1463,Aminopyrine
1464,Amlodipine
1465,Amphetamines
1466,Amphotericin B
1467,Amsacrine
1468,Anabolic Agents
1469,anagrelide
1470,Analgesics
1471,Anastrozole
1472,ANAVACYM protocol
1473,Androgen Antagonists
1474,Androstanes
1475,anemoside A3
1476,Anethole Trithione
1477,ANFT
1478,annonacin
1479,antcin A
1480,Anthelmintics
1481,anthracene
1482,Anthracenes
1483,Anthracyclines
1484,anthranilic acid
1485,Anti-Bacterial Agents
1486,Anticoagulants
1487,Anticonvulsants
1488,Antifungal Agents
1489,Anti-HIV Agents
1490,"Anti-Inflammatory Agents, Non-Steroidal"
1491,Antimony
1492,antimony trioxide
1493,Antineoplastic Agents
1494,"Antineoplastic Agents, Alkylating"
1495,"Antineoplastic Agents, Immunological"
1496,antineoplaston A5
1497,Antioxidants
1498,Antipsychotic Agents
1499,Antipyrine
1500,Anti-Retroviral Agents
1501,antofine
1502,antroquinonol
1503,apalutamide
1504,Aphidicolin
1505,apilimod
1506,APY0201
1507,arachidonylcyclopropylamide
1508,aranoza
1509,arctiin
1510,argemone oil
1511,Aroclor 1016
1512,aroclor 1242
1513,Aromatase Inhibitors
1514,ARQ 197
1515,arsenic trisulfide
1516,asarone
1517,"Asbestos, Amosite"
1518,ascaridole
1519,Ashwagandha
1520,aspidin BB
1521,Astemizole
1522,astringin
1523,asulacrine
1524,Atenolol
1525,AT protocol
1526,atranorin
1527,Atrasentan
1528,Atropine
1529,Auranofin
1530,AVCF protocol
1531,AVI protocol
1532,Axitinib
1533,Aza Compounds
1534,azadiradione
1535,azaspirane
1536,Azauridine
1537,AZD 6244
1538,azelaic acid
1539,azinomycin A
1540,azinomycin B
1541,azinomycin epoxide
1542,Azithromycin
1543,azomethane
1544,azonafide
1545,azoxyethane
1546,Baclofen
1547,BACOD protocol
1548,Bacterial Toxins
1549,BAEC protocol
1550,baicalein-7-O-diglucoside
1551,BAM 1120
1552,Barbital
1553,Barium
1554,barium chloride
1555,batimastat
1556,B-CAVe protocol
1557,BCG Vaccine
1558,BEACOPP protocol
1559,BEAM regimen
1560,Beclomethasone
1561,belotecan
1562,bemitradine
1563,Bendamustine Hydrochloride
1564,benzal chloride
1565,benzamide
1566,benz(c)acridine
1567,benzidine
1568,benz(j)aceanthrylene
1569,"benzo(a)pyrene-7,8-dihydrodiol-9,10-epoxide-DNA"
1570,benzo(c)phenanthrene
1571,benzofuran
1572,benzo(j)fluoranthene
1573,benzonidazole
1574,Benzophenoneidum
1575,Benzopyrenes
1576,Benzothiazoles
1577,benzotrichloride
1578,benzotriphenylene
1579,benzoyl chloride
1580,Benzoyl Peroxide
1581,benzyl acetate
1582,benzyl chloride
1583,benzyloxycarbonyl-isoleucyl-glutamyl(O-tert-butyl)-alanyl-leucinal
1584,benzyl selenocyanate
1585,BEP protocol
1586,berbamine
1587,Berberine Alkaloids
1588,Beryllium
1589,berzosertib
1590,bestrabucil
1591,beta-2-himachalen-6-ol
1592,beta-D-glucosylisophosphoramide mustard
1593,beta-elemene
1594,beta-hexachlorocyclohexane
1595,beta-ionone
1596,beta-lapachone
1597,Betamethasone
1598,beta-myrcene
1599,betanin
1600,BFM-86 protocol
1601,BFM-ALL 81 protocol
1602,BHAC-AMP protocol
1603,Biphenyl Compounds
1604,bis(2-chloro-1-methylethyl) ether
1605,"bis((2-oxindol-3-ylimino)-2-(2-aminoethyl)pyridine-N,N')copper(II)"
1606,bisantrene
1607,Bis(Chloromethyl) Ether
1608,BIX 01294
1609,BMS 181339
1610,BMS 641988
1611,BMS-690514
1612,BMS-906024
1613,boldenone
1614,BOLD protocol
1615,Boron
1616,borrelidin
1617,brassinolide
1618,brazilein
1619,Bromates
1620,bromebric acid
1621,Bromocriptine
1622,Bromodeoxyuridine
1623,bromodichloromethane
1624,bromoform
1625,bromoxynil
1626,bropirimine
1627,bruceantin
1628,brucine
1629,bryophyllin A
1630,bryostatin 1
1631,BTSA1 compound
1632,Bungarotoxins
1633,Buserelin
1634,butachlor
1635,Butadienes
1636,butenolide
1637,Butter
1638,butylate
1639,butyl bromide
1640,butyl chloride
1641,Butylhydroxybutylnitrosamine
1642,bu-zhong-yi-qi-tang
1643,BVCPP protocol
1644,CA-125 Antigen
1645,cabazitaxel
1646,Cabergoline
1647,"caffeine, sodium benzoate drug combination"
1648,CAF protocol
1649,CAF protocol 2
1650,CAG protocol
1651,cajanol
1652,calcium arsenate
1653,Calcium Carbonate
1654,"Calcium, Dietary"
1655,Calcium Gluconate
1656,calycosin-7-O-beta-D-glucoside
1657,camalexin
1658,Canagliflozin
1659,Cancer Vaccines
1660,Candicidin
1661,Canertinib
1662,cannabidiol hydroxyquinone
1663,cannogenin thevetoside
1664,Canrenoic Acid
1665,Capecitabine
1666,CAP protocol 2
1667,captafol
1668,captax
1669,Carbaryl
1670,carbazole
1671,Carbofuran
1672,carbogen
1673,carmofur
1674,carmustine with prolifeprosan 20
1675,Carubicin
1676,carvone
1677,Catecholamines
1678,Catechols
1679,cationic amphipathic peptide RT2
1680,CAV protocol
1681,CB 1093
1682,CB 3717
1683,CB 403
1684,CB-839
1685,CBP30 compound
1686,CBV protocol
1687,CC-8490
1688,CCE protocol
1689,CDEC
1690,CDOP protocol
1691,CEA protocol
1692,cecropin A
1693,cedrelone
1694,Cefazolin
1695,CEF regimen
1696,CEFT protocol
1697,cell differentiation agent II
1698,CEOP protocol 1
1699,CEP 33779
1700,cepharanthine
1701,CE protocol II
1702,ceritinib
1703,cerivastatin
1704,Cerulenin
1705,Cetirizine
1706,cetrorelix
1707,CFM 1
1708,CFP protocol
1709,CF regimen
1710,CGC 11093
1711,CH 5166623
1712,chalcomoracin
1713,CHIVPP protocol
1714,Chlorambucil
1715,Chloramphenicol
1716,chlorendic acid
1717,chlorimuron ethyl
1718,Chlormadinone Acetate
1719,chlorobenzilate
1720,chlorobromofosfamide
1721,chlorodibromomethane
1722,Chloroform
1723,Chlorophenols
1724,Chlorophyll
1725,chlorophyllin
1726,chloroquine diphosphate
1727,Chlorotrianisene
1728,chloroxoquinoline
1729,chlorozotocin
1730,Chlorphenamidine
1731,ChlVPP-EVA regimen
1732,ChlVPP protocol
1733,CHOEP protocol
1734,Cholinesterase Inhibitors
1735,CHOP-B protocol
1736,CHOP protocol
1737,Chromates
1738,chrysarobin
1739,CI 924
1740,C.I. Acid Red 114
1741,Ciclopirox
1742,ciji-hua'ai-baosheng
1743,"Cilastatin, Imipenem Drug Combination"
1744,Cilengitide
1745,cimadronate
1746,Cimetidine
1747,cinnabarin
1748,cinnabarinic acid
1749,Cinnamates
1750,cinnamic acid
1751,cinnamyl anthranilate
1752,Ciprofloxacin
1753,Citalopram
1754,Cladribine
1755,Clarithromycin
1756,clavulones
1757,Clemastine
1758,climacostol
1759,clinoptilolite
1760,Clofarabine
1761,Clomiphene
1762,Clomipramine
1763,Clonazepam
1764,Clopidogrel
1765,Clorgyline
1766,clorophene
1767,Clotrimazole
1768,CMFP protocol
1769,CMF protocol
1770,CMFPT protocol
1771,CMFVP protocol
1772,CMOPP protocol
1773,Coal
1774,COAP protocol
1775,Coconut Oil
1776,Codeine
1777,codonoposide
1778,Coffee
1779,COFP protocol 2
1780,Coke
1781,Coloring Agents
1782,columbamine
1783,Complex Mixtures
1784,COMP protocol
1785,"Contraceptives, Oral"
1786,"Contraceptives, Oral, Combined"
1787,"Contraceptives, Oral, Hormonal"
1788,"Contraceptives, Oral, Sequential"
1789,Coordination Complexes
1790,COPE regimen
1791,copoly(styrene-maleic acid)-zinc protoporphyrin
1792,COPP-ABVD protocol
1793,copper (II) diacetyl-di(N(4)-methylthiosemicarbazone)
1794,"copper tetrakis(3,5-diisopropylsalicylic acid)"
1795,COPP protocol
1796,COP protocol 2
1797,cordiaquinone J
1798,corilagin
1799,Cortisone
1800,costunolide
1801,cotylenin A
1802,Coumaphos
1803,Coumarins
1804,CPDD protocol
1805,CPS 11
1806,CPS 49
1807,Crack Cocaine
1808,cremophor EL
1809,cresidine
1810,Cromolyn Sodium
1811,CRT 0066101
1812,CTCb regimen
1813,CTVP protocol
1814,cucurbitacin D
1815,cucurbitacin E
1816,cucurbitacin I
1817,(Cu(Py-3')TPP-Ru(phen)2Cl)(PF6)
1818,CVAD protocol
1819,CVB protocol
1820,CVD protocol
1821,CVPP protocol
1822,CVPP regimen
1823,CX 3543
1824,CX 5461
1825,cyanazine
1826,cyanidin
1827,cyanidin 3-O-glucopyranoside
1828,Cyclamates
1829,cyclo(arginyl-glycyl-aspartyl-phenylalanyl-valyl)
1830,cycloartenol
1831,Cyclofenil
1832,"cyclohexanecarboxylic acid (3-(2,5-dimethylbenzyloxy)-4-(methanesulfonylmethylamino)phenyl)amide"
1833,cyclo(leucyl-prolyl)
1834,Cyclooxygenase 2 Inhibitors
1835,Cyclooxygenase Inhibitors
1836,cyclopamine
1837,"cyclopenta(c,d)pyrene"
1838,CYOMAD protocol
1839,cyprodinil
1840,Cyproheptadine
1841,Cyproterone
1842,Cyproterone Acetate
1843,Cysteamine
1844,Cysteine Proteinase Inhibitors
1845,Cysteinyldopa
1846,Cytosine
1847,CYVADIC protocol
1848,dabrafenib
1849,Dacarbazine
1850,daidzin
1851,dalcetrapib
1852,Danazol
1853,Dantrolene
1854,danusertib
1855,Dapsone
1856,darbufelone
1857,DAT protocol 1
1858,daunorubicin-DNA
1859,DAV protocol
1860,DAV regimen
1861,DCEP protocol
1862,DEAP-C16Y peptide
1863,"decanedioic acid-4,4'-(1,3-propanediylbis(oxy))bis(benzoic acid) copolymer"
1864,DECAV protocol
1865,Dehydroascorbic Acid
1866,dehydrocrenatidine
1867,dehydroeburicoic acid
1868,dehydroeffusol
1869,dehydroxymethylepoxyquinomicin
1870,delta-aminolevulinic acid methyl ester
1871,delta-hexachlorocyclohexane
1872,denileukin diftitox
1873,Deoxyguanosine
1874,deoxypodophyllotoxin
1875,desglucoanagalloside B
1876,Desipramine
1877,desmethylmisonidazole
1878,Desogestrel
1879,detorubicin
1880,Dexa-BEAM protocol
1881,DHAP protocol
1882,di-(4-aminophenyl)ether
1883,diacerein
1884,diamminedichlorodihydroxyplatinum IV
1885,Diatrizoate Meglumine
1886,Diazepam
1887,dibenzacridine
1888,"dibenzo(a,e)pyrene"
1889,"dibenzo(a,h)pyrene"
1890,"dibenzo(a,i)pyrene"
1891,dibutyldi(4-chlorobenzohydroxamato)tin(IV)
1892,dibutylnitrosamine
1893,Dicamba
1894,DICE protocol
1895,dichlorfop-methyl
1896,Dichlorvos
1897,dichlozoline
1898,Dicofol
1899,dicumyl peroxide
1900,Didanosine
1901,didemnins
1902,Dienestrol
1903,diepoxybutane
1904,Dietary Sugars
1905,diethanolamine
1906,diethoxyphosphoryloxymethyl butanoate
1907,diethylstilbestrol monophosphate
1908,diethylthiourea
1909,digalloylresveratrol
1910,diglycidyl resorcinol ether
1911,Digoxin
1912,Dihematoporphyrin Ether
1913,diheptyl phthalate
1914,dihydromyricetin
1915,Dihydroxycholecalciferols
1916,diisobutyl phthalate
1917,diisopropanolnitrosamine
1918,Diltiazem
1919,dimazine
1920,dimethenamid
1921,Dimethoate
1922,dimethoxon
1923,dimethylaminomicheliolide
1924,dimethylarsine
1925,dimethylcarbamyl chloride
1926,Dimethyldithiocarbamate
1927,Dimethyl Fumarate
1928,Dimethylhydrazines
1929,Dinitrobenzenes
1930,Diosmin
1931,Diphenhydramine
1932,diphenyl
1933,diphenylantimony diisopropyldithiophosphate
1934,diphenylantimony diphenyldithiophosphinate
1935,Diphosphonates
1936,dipotassium trioxohydroxytetrafluorotriborate
1937,dipropylenetriamine-NONOate
1938,Dipyridamole
1939,Dipyrone
1940,direct black 3
1941,direct blue 15
1942,di-tert-butyl peroxide
1943,Ditiocarb
1944,Diuretics
1945,DLBS 1425
1946,docosahexaenoyl-paclitaxel
1947,dofetilide
1948,Domperidone
1949,doramapimod
1950,doramectin
1951,Doxazosin
1952,doxifluridine
1953,doxorubicin(6-maleimidocaproyl)hydrazone
1954,Doxycycline
1955,dracorhodin
1956,DT-PACE protocol
1957,duvelisib
1958,DVP regimen
1959,Dydrogesterone
1960,(E)-4-((2-N-(4-methoxybenzenesulfonyl)amino)stilbazole)1-oxide
1961,(+-)-E-4-methyl-2-((E)-hydroxylamino)-5-nitro-6-methoxy-3-hexanamide
1962,EB 1053
1963,eburicoic acid
1964,EBVD protocol
1965,EBVP protocol
1966,EC131 conjugate
1967,EC145
1968,echinocystic acid
1969,ECHO protocol
1970,EC regimen
1971,EDAP regimen
1972,edatrexate
1973,Edetic Acid
1974,Edotreotide
1975,Edrophonium
1976,efavirenz
1977,EFP protocol
1978,EGPI-1 compound
1979,EHT 1864
1980,EKB 569
1981,"Elements, Radioactive"
1982,eleostearic acid
1983,elesclomol
1984,ELF protocol
1985,Emetine
1986,Emitefur
1987,Endocrine Disruptors
1988,Endostatins
1989,Endotoxins
1990,ENNG
1991,enocitabine
1992,Enoxaparin
1993,"ent-1,3,6,11-tetrahydroxykaur-16-ene-15-one 3,11-diacetate"
1994,"enterotoxin C, staphylococcal"
1995,Enzymes and Coenzymes
1996,Eosine I Bluish
1997,Epichlorohydrin
1998,epidoxoform
1999,epigallocatechin-3-O-gallate epigallocatechin dimer
2000,epimedokoreanin B
2001,Epinephrine
2002,E platinum
2003,EPOCH protocol
2004,Epoprostenol
2005,epothilone A
2006,epothilone B
2007,Epoxy Compounds
2008,EPTC
2009,EPZ004777
2010,erastin
2011,erdafitinib
2012,"ergosta-7,22-dien-5-hydroxy-3,6-dione"
2013,"ergosterol-5,8-peroxide"
2014,Erythromycin
2015,Erythromycin Ethylsuccinate
2016,Erythrosine
2017,ESAP protocol
2018,ESHAP regimen
2019,esorubicin
2020,estradiol-17 beta-benzoate
2021,"estradiol-3,4-quinone"
2022,Estradiol Congeners
2023,estradiol dipropionate
2024,estradiol-drospirenone combination
2025,estragole
2026,"estragole-2',3'-oxide"
2027,Estramustine
2028,"Estrogens, Catechol"
2029,"Estrogens, Conjugated (USP)"
2030,Estrone
2031,estrone sulfate
2032,etafenone
2033,Etanidazole
2034,ethenzamide
2035,ethinyl estradiol-desogestrel combination
2036,Ethinyl Estradiol-Norgestrel Combination
2037,Ethiodized Oil
2038,Ethisterone
2039,ethofenprox
2040,Ethoxyquin
2041,ethyl-3-(4'-geranyloxy-3'-methoxyphenyl)-2-propenoate
2042,ethyl acrylate
2043,ethylbenzene
2044,Ethylene Dibromide
2045,Ethylene Oxide
2046,Ethylenethiourea
2047,ethylphenylhydantoin
2048,ethyl-p-hydroxybenzoate
2049,ethyl tert-butyl ether
2050,Etodolac
2051,ET protocol
2052,Etretinate
2053,eurycomanone
2054,EVAP protocol
2055,EVA regimen
2056,exemestane
2057,Exenatide
2058,"exoenzyme C3, Clostridium botulinum"
2059,F 314
2060,Fadrozole
2061,Famotidine
2062,FAM protocol
2063,FANFT
2064,farnesyl pyrophosphate
2065,farnesylthiosalicylic acid
2066,FD137 nitrosourea
2067,FDE protocol
2068,FEC protocol
2069,Feitai
2070,fenbuconazole
2071,Fenfluramine
2072,ferric-adenosine triphosphate complex
2073,Ferric Compounds
2074,ferric-sorbitol-citrate
2075,Fertilizers
2076,Ficusin
2077,FK 317 dihydrobenzoxazine
2078,FK 973
2079,FLAG protocol
2080,flavokawain A
2081,Flavones
2082,FLEP regimen
2083,FLLL 32
2084,FLMP protocol
2085,Floxuridine
2086,Fluconazole
2087,Flucytosine
2088,fluensulfone
2089,fluor-edenite
2090,fluorene-9-bisphenol
2091,Fluorocarbons
2092,fluoromisonidazole
2093,Fluoxymesterone
2094,F-MACHOP protocol
2095,folate-heparin-lithocholate
2096,Folfox protocol
2097,Fonofos
2098,formamide
2099,formestane
2100,formosanin C
2101,formylchromone
2102,fosfestrol
2103,fotemustine
2104,FR 118487
2105,Frankincense
2106,frenolicin B
2107,"fructose-1,6-diphosphate"
2108,Fuel Oils
2109,fujiflavone P40
2110,fumagillin
2111,fumaric acid
2112,furfuryl alcohol
2113,furothiazole
2114,Gabapentin
2115,Gallium
2116,gallium maltolate
2117,gamabufotalin
2118,(gamma-CyD)2 C60
2119,gamma-oryzanol
2120,Ganciclovir
2121,ganoderol B
2122,GCS-100
2123,GDP 366
2124,gedunin
2125,gemcitabine-oxaliplatin regimen
2126,Gemfibrozil
2127,Gemtuzumab
2128,genistin
2129,Gentian Violet
2130,Ghee
2131,gimeracil
2132,gingerenone A
2133,glabridin
2134,Glucaric Acid
2135,Glucocorticoids
2136,"glucose, glycerol, hydroxyethyl starch, perfluorodecalin, perfluorotripropylamine, pluronic F-68, salts, yolk phospholipids drug combination"
2137,Glucosylceramides
2138,Glu-P-2
2139,glutamyl-Se-methylselenocysteine
2140,glycidyl methacrylate
2141,glycitein
2142,Glycosaminoglycans
2143,Glyoxal
2144,Gold Sodium Thiomalate
2145,Gold Sodium Thiosulfate
2146,Gonadotropin-Releasing Hormone
2147,Goserelin
2148,Gossypol
2149,Granisetron
2150,Granulocyte Colony-Stimulating Factor
2151,Griseofulvin
2152,GRN163
2153,GSK 1363089
2154,GSK2110183
2155,GSK2141795
2156,GSK-2816126
2157,GSK2879552
2158,GW 583340
2159,GW 7604
2160,GW 7647
2161,GW8510
2162,hainanolide
2163,Hair Dyes
2164,Hair Preparations
2165,Harmaline
2166,HB-19 peptide
2167,HCVAD protocol
2168,helenalin
2169,Hematoporphyrin Derivative
2170,Hempa
2171,heparin-lithocholate
2172,Hepatitis B Surface Antigens
2173,Hepatitis B Vaccines
2174,Heptachlor Epoxide
2175,herbal preparation PC-SPES
2176,Heroin
2177,Heterocyclic Compounds
2178,"Heterocyclic Compounds, 3-Ring"
2179,"Heterocyclic Compounds, 4 or More Rings"
2180,hexachloroethane
2181,Hexamethonium
2182,hexamethylene bisacetamide
2183,hexaminecobalt (III) trichloride
2184,heyneanol A
2185,HiC-COM protocol
2186,hinokiflavone
2187,hispolon
2188,Histamine H1 Antagonists
2189,Histamine H2 Antagonists
2190,HLFP regimen
2191,homocastasterone
2192,Homoharringtonine
2193,HU 211
2194,huachansu
2195,Hycanthone
2196,hydrangenol
2197,Hydrazones
2198,hydrocortisone hemisuccinate
2199,Hydromorphone
2200,hydroperoxyisophosphamide
2201,Hydroxocobalamin
2202,Hydroxyacetylaminofluorene
2203,Hydroxychloroquine
2204,hydroxycitric acid
2205,hydroxygenkwanin
2206,Hydroxymethylglutaryl-CoA Reductase Inhibitors
2207,Hydroxyprogesterones
2208,hyperCDT protocol
2209,hypericin
2210,HZ-6d compound
2211,IAP protocol
2212,ibrutinib
2213,ICE protocol 1
2214,ICE protocol 3
2215,ICE protocol 4
2216,ICE protocol 5
2217,ICI 118551
2218,icotinib
2219,Ida-FLAG protocol
2220,Idarubicin
2221,IDN 5109
2222,Idoxuridine
2223,IE protocol
2224,IFL protocol
2225,IL13-PE38
2226,Iloprost
2227,imazethapyr
2228,imetelstat
2229,imidazole mustard
2230,imidazolium-bis(imidazole)dimethylsulfoxideimidazotetrachlororuthenate(III)
2231,Imipramine
2232,IMMU-110
2233,Immune Checkpoint Inhibitors
2234,Immunoconjugates
2235,Immunotoxins
2236,importazole
2237,IN6CPBD
2238,Indigo Carmine
2239,indioside D
2240,indium phosphide
2241,indole-5-carboxamide
2242,indomethacin ethyl ester
2243,Industrial Waste
2244,Infecundin
2245,infigratinib
2246,Inositol
2247,inostamycin
2248,Insecticides
2249,"insulin, Asp(B10)-"
2250,interferon alfacon-1
2251,Interferon-alpha
2252,Interleukin 1 Receptor Antagonist Protein
2253,Interleukin-2
2254,iodinated glycerol
2255,Iodine
2256,Iodine-131
2257,Iodoacetic Acid
2258,Iridoids
2259,"Iron, Dietary"
2260,iron protoporphyrin IX
2261,irosustat
2262,isoalantolactone
2263,isocoumarin NM-3
2264,isocupressic acid
2265,isophosphamide mustard
2266,isopimaric acid
2267,isoprene
2268,isosalipurposide
2269,isoxaflutole
2270,Isoxazoles
2271,Itraconazole
2272,IVAC protocol
2273,IVA protocol
2274,ixabepilone
2275,jasplakinolide
2276,JET protocol
2277,JTE 013
2278,juzentaihoto
2279,kaempferol 3-O-sophoroside
2280,kahweol acetate
2281,KC 400
2282,KCC 009
2283,KH 1060
2284,kuguacin J
2285,KW 2581
2286,Kynurenine
2287,L 748706
2288,Labetalol
2289,lactofen
2290,lanreotide
2291,LAQ824
2292,laromustine
2293,LCS1269
2294,Lecithins
2295,Lenalidomide
2296,lenvatinib
2297,lestaurtinib
2298,leucomalachite green
2299,leucoselect phytosome
2300,Leucovorin
2301,Leukotriene B4
2302,Leuprolide
2303,Levamisole
2304,Levodopa
2305,Levonorgestrel
2306,lewisite
2307,LG 100268
2308,liarozole
2309,licochalcone E
2310,licofelone
2311,Lignans
2312,limonin
2313,Linagliptin
2314,Linseed Oil
2315,Lipid Peroxides
2316,liposomal doxorubicin
2317,Lithium Carbonate
2318,lixisenatide
2319,LLL12 compound
2320,LM11 compound
2321,LNH 87 protocol
2322,lomeguatrib
2323,lometrexol
2324,Lomustine
2325,longikaurin A
2326,Lopinavir
2327,lorlatinib
2328,loxtidine
2329,LQFM030
2330,Lu 28-179
2331,Lutein
2332,LY2066948
2333,LY 293111
2334,LY 353381
2335,lycorine
2336,LYR 71
2337,M-2 protocol
2338,m-ACOD protocol
2339,MACOP-B protocol
2340,maculosin
2341,mafosfamide
2342,Magnesium
2343,Magnesium Sulfate
2344,Maharishi Amrit Kalash
2345,MAID protocol
2346,malachite green
2347,malealdehyde
2348,Maleates
2349,Malondialdehyde
2350,manganese sulfate
2351,manganese tetrakis-(N-ethyl-2 pyridyl) porphyrin
2352,mangostin
2353,Mannitol
2354,masitinib
2355,maslinic acid
2356,Mastic Resin
2357,Matrix Metalloproteinase Inhibitors
2358,MAV protocol
2359,maxacalcitol
2360,Maxepa
2361,M-BACOD protocol
2362,M-BNCOD protocol
2363,MCP protocol
2364,ME-344
2365,mecobalamin
2366,mecoprop
2367,MEC protocol 1
2368,MEC regimen
2369,Medroxyprogesterone
2370,Megestrol
2371,Megestrol Acetate
2372,Melengestrol Acetate
2373,Meloxicam
2374,Melphalan
2375,menatetrenone
2376,Menogaril
2377,Meperidine
2378,Mephobarbital
2379,Mepivacaine
2380,MEP regimen
2381,Meprobamate
2382,merbarone
2383,Mesna
2384,mesulergine
2385,metacept-1
2386,Metalloporphyrins
2387,Metanephrine
2388,metanil yellow
2389,metazachlor
2390,Methadone
2391,Methandrostenolone
2392,methanesulfonamide
2393,Methanol
2394,methenolone enanthate
2395,methotrexate polyglutamate
2396,methoxyamine
2397,Methoxyflurane
2398,methoxy-morpholinyl-doxorubicin
2399,methyl 3-hydroxyimino-11-oxoolean-12-en-28-oate
2400,methyl 5-aminolevulinate
2401,methyl(acetoxymethyl)nitrosamine
2402,methyl antcinate A
2403,methyl antcinate K
2404,Methylazoxymethanol Acetate
2405,methyl bromide
2406,methyl carbamate
2407,methyldihydrojasmonate
2408,Methyldimethylaminoazobenzene
2409,Methyldopa
2410,Methylenebis(chloroaniline)
2411,methylethylnitrosamine
2412,methyl iodide
2413,Methylphenidate
2414,Methylprednisolone
2415,Methylprednisolone Acetate
2416,Methylprednisolone Hemisuccinate
2417,methyl tert-butyl ether
2418,Metoclopramide
2419,metolachlor
2420,metoprine
2421,Metoprolol
2422,Metronidazole
2423,Mevinphos
2424,mezerein
2425,MFL combination
2426,Michler's ketone
2427,microcystin
2428,Microcystins
2429,microorganism fermentation extract
2430,midostaurin
2431,MINE-BOP protocol
2432,MINE protocol
2433,"mineral acids, trace elements, water, drug combination"
2434,MINE regimen
2435,Minocycline
2436,Mirex
2437,Misonidazole
2438,Mitomycins
2439,mitoquinone
2440,mizoribine
2441,ML 9
2442,MLN 8237
2443,MMM protocol 2
2444,mofezolac
2445,MOF-Strep protocol
2446,molgramostim
2447,momfluorothrin
2448,Monensin
2449,monodansylcadaverine
2450,monomethyl auristatin E
2451,monuron
2452,Mopidamol
2453,MOPP-ABV protocol
2454,MOPPEBVCAD protocol
2455,MOPP protocol
2456,moxidectin
2457,MP regimen
2458,MRC AML 10 protocol
2459,"MSK-NY-II protocol, modified"
2460,MT19c compound
2461,mulberrofuran G
2462,multi-kinase inhibitor 108600
2463,muraglitazar
2464,musk xylene
2465,M-VAC protocol
2466,MVMF protocol
2467,myxothiazol
2468,N(1)-methylnicotinamide
2469,"N-((1R,2S)-2-hydroxy-1-hydroxymethyl-2-(2-tridecyl-1-cyclopropenyl)ethyl)octanamide"
2470,"N-(2-(2-(4-(4-(2-hydroxypropyl)piperazin-1-yl)-2-methoxyphenylamino)pyrrolo(2,1-f)(1,2,4)triazin-7-yl)phenyl)-N-methylmethanesulfonamide"
2471,"N(2)-(2-aminocyclohexyl)-N(6)-(3-chlorophenyl)-9-ethyl-9H-purine-2,6-diamine"
2472,"N-(2-(3-chloro-5-(trifluoromethyl)-2-pyridyl)ethyl)-alpha,alpha,alpha-trifluoro-o-toluamide"
2473,N-(2-(3H-indol-3-yl)ethyl)-9-isopropyl-2-(5-methyl-3-pyridyl)purin-6-amine
2474,"N-(2-(4-((3-chloro-4-(3-(trifluoromethyl)phenoxy)phenyl)amino)-5H-pyrrolo(3,2-d)pyrimidin-5-yl)ethyl)-3-hydroxy-3-methylbutanamide"
2475,"N-(2-chloro-4-((6,7-dimethoxy-4-quinazolinyl)oxy)phenyl)-N'-propylurea"
2476,N'-(2-chloroethyl)-N-(2-(methylsulfonyl)ethyl)-N'-nitrosourea
2477,N-(2-chloroethyl)-N-nitrosoacetamide
2478,N-(2-(diethylamino)ethyl)-2-iodobenzamide
2479,N'-((2-hydroxyphenyl)carbonothioyl)pyridine-2-carbohydrazide
2480,N-(2-hydroxypropyl)methacrylamide co-polymer-doxorubicin conjugate
2481,N-(2-hydroxypropyl)-N-nitrosourea
2482,"N2,N4-dibenzylquinazoline-2,4-diamine"
2483,N-(2(R)-2-(hydroxamidocarbonylmethyl)-4-methylpentanoyl)-L-tryptophan methylamide
2484,"N3-(4-(4-morpholinocyclohexyl)phenyl)-1-(pyridin-2-yl)-1H-1,2,4-triazole-3,5-diamine"
2485,"N-(3-((5-cyano-6-methylpyridin-2-yl)oxy)-2,2,4,4-tetramethylcyclobutyl)imidazo(1,2-a)pyrimidine-3-carboxamide"
2486,"N-((3,5-difluorophenyl)acetyl)alanyl-2-phenylglycine-1,1-dimethylethyl ester"
2487,N-((3S)-1-azabicyclo(2.2.2)oct-3-yl)-1H-indazole-3-carboxamide hydrochloride
2488,N-(4-(1-benzoylpiperidin-4-yl)butyl)-3-(pyridin-3-yl)acrylamide
2489,"N-(4-(3-((4-fluorophenyl)hydroxymethyl)-4-hydroxyphenoxy)-3,5-dimethylphenyl) malonamic acid sodium"
2490,N-((4-hydroxyphenyl)retinamide)-O-glucuronide
2491,N-(4-methoxyphenyl)retinamide
2492,"N-((5-((2-amino-4-oxo-4,7-dihydro-3H-pyrrolo(2,3-d)pyrimidin-6-yl)propyl)thiophen-2-yl)carbonyl)glutamic acid"
2493,N6L peptide
2494,N-7-(2-(nitrophenyldithio)ethyl)mitomycin C
2495,nabiximols
2496,N-acetylcochinol-O-phosphate
2497,N-acetyldopamine quinone
2498,N-acetyl-S-(alpha-methyl-4-(2-methylpropyl)benzeneacetyl)cysteine 4-(nitrooxy)butyl ester
2499,NAc-Sar-Gly-Val-(d-allo-Ile)-Thr-Nva-Ile-Arg-ProNEt
2500,Nafenopin
2501,Naltrexone
2502,Nandrolone
2503,Nandrolone Decanoate
2504,nandrolone phenpropionate
2505,"naphtho(1,2-b)furan-4,5-dione"
2506,naringenin chalcone
2507,naveglitazar
2508,navitoclax
2509,"NBD peptide, mouse"
2510,"N-(deoxyguanosin-8-yl)-2-amino-1-methyl-6-phenylimidazo(4,5-b)pyridine"
2511,nedaplatin
2512,nelarabine
2513,Nelfinavir
2514,nemadectin
2515,neo-gambogic acid
2516,Neostigmine
2517,neratinib
2518,N-ethyl-N-(4-hydroxybutyl)nitrosamine
2519,N-ethyl-N-hydroxyethylnitrosamine
2520,netoglitazone
2521,NH 125
2522,"N-hydroxy-3,2'-dimethyl-4-aminobiphenyl"
2523,nickel sulfide
2524,nicotine 1-N-oxide
2525,nilutamide
2526,Nimorazole
2527,Nimustine
2528,(Ni(Py-3')TPP-Ru(phen)2Cl)(PF6)
2529,nithiazide
2530,nitidine
2531,nitrapyrin
2532,Nitrates
2533,nitric oxide-pegylated epirubicin
2534,Nitrilotriacetic Acid
2535,nitroaspirin
2536,nitrobenzene
2537,Nitrofurantoin
2538,Nitrofurazone
2539,Nitrogen Compounds
2540,Nitrogen Mustard Compounds
2541,Nitrogen Oxides
2542,Nitroglycerin
2543,Nitroimidazoles
2544,nitromethane
2545,Nitrosamines
2546,nitrosobis(2-oxopropyl)amine
2547,Nitrosourea Compounds
2548,nitroxoline
2549,"NKCT1 protein, Naja kaouthia"
2550,N-methyladenosine
2551,N-methylepinephrine
2552,N-methylisoindigotin
2553,N-methyl-N-benzylnitrosamine
2554,N-methyl-N-nitrosoaniline
2555,"N,N-dimethyl-4-(6-benzothiazolylazo)aniline"
2556,"N,N'-dimethylnitrosourea"
2557,"N-nitroso-5-methyl-1,3-oxazolidine"
2558,N-nitrosobutylurea
2559,N-nitroso(di-n-propyl)amine
2560,N-nitrosodiphenylamine
2561,N-nitrosoguvacoline
2562,N-nitroso-N-methyl-4-fluoroaniline
2563,N'-nitrosonornicotine
2564,N-nitrosoperhydroazepine
2565,N-nitrosopiperidine
2566,N-nitroso-tris-chloroethylurea
2567,"N,N,N',N'-tetramethyl-4,4'-methylenedianiline"
2568,nonachlor
2569,NOPE protocol
2570,NOPP protocol
2571,Noracycline
2572,norathyriol
2573,Norethindrone
2574,Norethindrone Acetate
2575,"norethindrone acetate, ethinyl estradiol, ferrous fumarate drug combination"
2576,Norgestrel
2577,Norinyl
2578,norlestrin
2579,Noscapine
2580,Novobiocin
2581,NSC 100880
2582,NSC 284682
2583,NSC305787
2584,NSC 680410
2585,"n-tritriacontane-16,18-dione"
2586,NU2058
2587,nutlin 3
2588,N-vinyl-2-pyrrolidinone
2589,NVP ADW742
2590,O(6)-benzylguanine
2591,O(6)-benzyl-N-acetylguanosine
2592,o-Aminoazotoluene
2593,oblimersen
2594,OC-HDP protocol
2595,O-(Chloroacetylcarbamoyl)fumagillol
2596,octacosane
2597,Octreotide
2598,O-desmethylangolensin
2599,OEPP protocol
2600,Ofloxacin
2601,"Oligoribonucleotides, Antisense"
2602,"O-n-butanoyl-2,3-O-isopropylidenemannofuranoside"
2603,ONCOFID-S
2604,Ondansetron
2605,ONO-8430506
2606,ONO 8711
2607,OPAL protocol
2608,OPEC OJEC protocol
2609,OPP-EBV-CAD regimen
2610,OPP protocol
2611,oracine
2612,Oracon
2613,Oraconal
2614,orantinib
2615,Organophosphates
2616,Organoplatinum Compounds
2617,Organotin Compounds
2618,orteronel
2619,oryzalin
2620,Ospemifene
2621,oxadiazon
2622,Oxazepam
2623,oxcarbamazepine
2624,oxfendazole
2625,oxiplatin
2626,oxychlordane
2627,Oxymetholone
2628,pachymic acid
2629,Palladium
2630,palomid 529
2631,palytoxin
2632,Pamidronate
2633,p-Aminoazobenzene
2634,panaxydol
2635,pancratistatin
2636,panduratin A
2637,Pantoprazole
2638,Pantothenic Acid
2639,Papillomavirus Vaccines
2640,Paramethasone
2641,pararosaniline
2642,pazopanib
2643,PC protocol
2644,PCV protocol
2645,PD 173074
2646,p-Dimethylaminoazobenzene
2647,Peanut Oil
2648,PEEC protocol
2649,pegaspargase
2650,pegfilgrastim
2651,peginterferon alfa-2b
2652,pegylated zinc protoporphyrin
2653,Pemetrexed
2654,penconazole
2655,pendimethalin
2656,Penicillamine
2657,pentaacetyl geniposide
2658,Pentagastrin
2659,Pentosan Sulfuric Polyester
2660,Pentostatin
2661,Peptichemio
2662,Pergolide
2663,perifosine
2664,perilla seed oil
2665,perillyl alcohol
2666,Peroxisome Proliferators
2667,Pertussis Vaccine
2668,PET regimen
2669,Petroleum
2670,PFL protocol
2671,Phellinus linteus extract
2672,Phenacetin
2673,Phenelzine
2674,Phenolphthalein
2675,phenothiazine
2676,phenoxodiol
2677,Phenoxybenzamine
2678,Phentolamine
2679,Phenylbutazone
2680,phenylhydroquinone
2681,Phenylpyruvic Acids
2682,pheomelanin
2683,Phorate
2684,Phosphates
2685,phosphine
2686,Phosphoramide Mustards
2687,Photosensitizing Agents
2688,physapubescin B
2689,Physostigmine
2690,phytochlorin
2691,phytofluene
2692,Phytol
2693,PI-3065
2694,PIAF regimen
2695,Picibanil
2696,piclamilast
2697,picolinamide
2698,picolinic acid
2699,picrasidine I
2700,picropodophyllin
2701,pimecrolimus
2702,Pimozide
2703,pinosylvin
2704,Piperazines
2705,Pipobroman
2706,pirarubicin
2707,pirimiphos methyl
2708,pirinixil
2709,piroxantrone
2710,PK 11195
2711,PKF118-310
2712,PKI 166
2713,plastochromanol 8
2714,Platinum Compounds
2715,plerixafor
2716,Plicamycin
2717,plitidepsin
2718,Plutonium
2719,plutonium dioxide
2720,Podophyllotoxin
2721,Polidocanol
2722,Poloxamer
2723,Polyamines
2724,Polybrominated Biphenyls
2725,polycyclic aromatic hydrocarbons-DNA adduct
2726,Polyenes
2727,polyestradiol phosphate
2728,Polylactic Acid-Polyglycolic Acid Copolymer
2729,polymarcine
2730,polyphenon E
2731,polysaccharide-K
2732,Polyvinyl Chloride
2733,pomalidomide
2734,POMP protocol
2735,Porphyrins
2736,posaconazole
2737,Potassium
2738,potassium perchlorate
2739,potassium thiocyanate
2740,PP242
2741,PP regimen
2742,pramanicin
2743,Prasugrel Hydrochloride
2744,Prazosin
2745,precocene I
2746,precocene II
2747,Prednimustine
2748,Prednisone
2749,Pregabalin
2750,pristane
2751,proanthocyanidin
2752,Probucol
2753,Procainamide
2754,Procarbazine
2755,procyanidin B1
2756,Progesterone Congeners
2757,Progestins
2758,proligestone
2759,PROMACE-CytaBOM protocol
2760,ProMECE-CytaBOM protocol
2761,pronamide
2762,Propafenone
2763,propargyl alcohol
2764,Propoxur
2765,propylene dichloride
2766,propylene glycol mono-t-butyl ether
2767,Propylene Glycols
2768,propylene oxide
2769,Propyl Gallate
2770,propyl iodide
2771,propylnitrosourea
2772,proroxan
2773,Prospidium
2774,ProstaCaid
2775,"protein-bound polysaccharide K, Basidiomycetes"
2776,prothioconazole
2777,protolichesterinic acid
2778,protoporphyrin IX
2779,pseudolaric acid B
2780,ptaquiloside
2781,punarnavine
2782,purpurin anthraquinone
2783,putranjivain A
2784,Putrescine
2785,PVB protocol
2786,((Py-3')TPP-Ru(phen)2Cl)Cl
2787,pycnidione
2788,Pyrazoles
2789,pyridine
2790,Pyridoxal Phosphate
2791,Pyridoxine
2792,Pyrimethamine
2793,Pyrimidines
2794,"pyrrole-2,3,5-tricarboxylic acid"
2795,Pyrroles
2796,pyruvic acid semicarbazone
2797,pyruvic acid thiosemicarbazone
2798,Quetiapine Fumarate
2799,Quinacrine
2800,quinhydrone
2801,Quinine
2802,Quinolines
2803,Quinolinium Compounds
2804,Quinones
2805,Quinoxalines
2806,Quinpirole
2807,quizartinib
2808,Radiation-Sensitizing Agents
2809,Radioactive Fallout
2810,Radioactive Pollutants
2811,radium Ra 223 dichloride
2812,Radon
2813,raltitrexed
2814,Razoxane
2815,R-CHOP protocol
2816,RD162 compound
2817,Reactive Nitrogen Species
2818,regorafenib
2819,resiniferatoxin
2820,"Resins, Plant"
2821,Resorcinols
2822,retigeric acid B
2823,retinol acetate
2824,retinol palmitate
2825,RGFP966
2826,rhenium-186 HEDP
2827,Ribavirin
2828,"ribosome inactivating protein, Viscum"
2829,riccardin D
2830,ricolinostat
2831,Risedronic Acid
2832,Risperidone
2833,RMP 7
2834,Ro 07-1902
2835,Ro 23-7553
2836,Ro 24-5531
2837,Ro 41-0960
2838,rofecoxib
2839,Roscovitine
2840,Rose Bengal B
2841,Rosen's T-10 protocol
2842,Rosuvastatin Calcium
2843,Roxarsone
2844,Roxithromycin
2845,rubimaillin
2846,rubitecan
2847,Ruthenium Compounds
2848,RV 538
2849,S 1 (combination)
2850,S 9788
2851,Saccharin
2852,S-Adenosylhomocysteine
2853,Safflower Oil
2854,Safrole
2855,safrole oxide
2856,SAICAR
2857,salicylaldehyde isonicotinoyl hydrazone
2858,Salmeterol Xinafoate
2859,sandostatinLAR
2860,sanggenone C
2861,SANT-1 compound
2862,Saquinavir
2863,SAR 020106
2864,sargramostim
2865,satraplatin
2866,SB 290157
2867,SB 3CT compound
2868,SC-203048
2869,SCIO-469
2870,Scorpion Venoms
2871,Scutellaria baicalensis extract
2872,Secologanin Tryptamine Alkaloids
2873,secomilbemycin D
2874,selamectin
2875,Selective Estrogen Receptor Modulators
2876,Selegiline
2877,Selenic Acid
2878,selenocystine
2879,Semaxinib
2880,Semustine
2881,sepantronium
2882,Serotonin 5-HT3 Receptor Antagonists
2883,Ser-Phe-Asn-Ser-Tyr-Glu-Leu-Gly-Glu-Ser-Leu
2884,Sertraline
2885,SH-6 compound
2886,Sildenafil Citrate
2887,Silicones
2888,Simazine
2889,siponimod
2890,SM 164
2891,S-Nitrosothiols
2892,SNX 2112
2893,Sodium
2894,Sodium Bicarbonate
2895,Sodium Citrate
2896,Sodium Iodide
2897,Sodium Tetradecyl Sulfate
2898,sodium tungstate(VI)
2899,Solvents
2900,Sorbitol
2901,SP2509
2902,sparfosic acid
2903,Squalene
2904,SR 2555
2905,SRT2183
2906,"S,S'-1,4-phenylenebis(1,2-ethanediyl)bisisoselenourea"
2907,"S,S'-1,4-phenylene-bis(1,2-ethanediyl)bis-isothiourea"
2908,STAMP-I protocol
2909,Stanford-NCOG protocol
2910,Stanford V protocol
2911,Stanozolol
2912,Steroids
2913,"Steroids, Heterocyclic"
2914,Streptonigrin
2915,Strontium
2916,strontium chromate
2917,STX 213
2918,styrene-butadiene rubber
2919,styrene oxide
2920,SU 11657
2921,SU 5614
2922,Sulfamethazine
2923,Sulfanilamides
2924,Sulfates
2925,Sulfhydryl Compounds
2926,Sulfides
2927,sulfinosine
2928,Sulfinpyrazone
2929,sulfosulfuron
2930,sulfoxaflor
2931,Suramin
2932,suxibuzone
2933,SZU-101
2934,TAC 101
2935,TAC protocol
2936,talabostat
2937,taxane
2938,Taxoids
2939,TBE 31
2940,TCF protocol
2941,TDP 521252
2942,TDP 665759
2943,Tegafur
2944,temsirolimus
2945,Teniposide
2946,Tenofovir
2947,TER 286
2948,terameprocol
2949,Terazosin
2950,Terbinafine
2951,terbufos
2952,terephthalic acid
2953,Terfenadine
2954,tert-Butyl Alcohol
2955,tesmilifene
2956,testosterone 17-phenylpropionate
2957,Testosterone Propionate
2958,tetraarsenic tetrasulfide
2959,Tetracaine
2960,tetracycline CMT-3
2961,Tetraethyl Lead
2962,tetrafluoroethylene
2963,tetrahydrofuran
2964,Tetranitromethane
2965,TH 302
2966,thallium acetate
2967,Theobromine
2968,Thiabendazole
2969,Thiamethoxam
2970,Thiamine
2971,Thiazides
2972,Thiazolidines
2973,Thiobarbituric Acid Reactive Substances
2974,Thiocarbamates
2975,Thioguanine
2976,Thiophenes
2977,thiophenfurin
2978,Thioridazine
2979,Thiotepa
2980,Thiourea
2981,Thorium Dioxide
2982,Thymalfasin
2983,thymalin
2984,Thymidine
2985,tiazofurin
2986,tibolone
2987,TIP regimen
2988,Titanocene Y
2989,TMF protocol
2990,tobacco tar
2991,"tocotrienol, delta"
2992,Tocotrienols
2993,tofacitinib
2994,tolfenamic acid
2995,tomatidine
2996,tomizine
2997,toosendanin
2998,Toremifene
2999,Toxaphene
3000,tozasertib
3001,TPD7 compound
3002,TPF protocol
3003,Trabectedin
3004,Tramadol
3005,Tranexamic Acid
3006,tranilast
3007,Trazodone
3008,tremolite
3009,treosulfan
3010,tretazicar
3011,Triamcinolone Acetonide
3012,Triamterene
3013,triaquaoxohexakis(propionato)trichromium(III)
3014,Triazines
3015,tricaprylin
3016,tricetin
3017,Trichloroacetic Acid
3018,trienomycin A
3019,triethyl phosphine gold
3020,Trifluralin
3021,Triglycerides
3022,Trihalomethanes
3023,Trihexyphenidyl
3024,Trimetazidine
3025,Trimethadione
3026,"Trimethoprim, Sulfamethoxazole Drug Combination"
3027,Trioxsalen
3028,triphenyl(phenylethynyl)phosphonium
3029,Triprolidine
3030,Triptorelin Pamoate
3031,"tris(2,3-dibromopropyl)phosphate"
3032,tris(4-chlorophenyl)methanol
3033,trofosfamide
3034,tubacin
3035,tubastatin A
3036,tubeimoside I
3037,Tungsten Compounds
3038,turmeric extract
3039,TX 1845
3040,UAB 30
3041,Ubiquinone
3042,UFT(R) drug
3043,UKALL X protocol
3044,UMI-77
3045,Uracil
3046,Uracil Mustard
3047,VAB-6 regimen
3048,VACA protocol
3049,VACOP-B protocol
3050,VAC protocol
3051,VADIC protocol
3052,vadimezan
3053,VAD I protocol
3054,VAD protocol
3055,valilactone
3056,valspodar
3057,vandetanib
3058,Vanilmandelic Acid
3059,VAP-cyclo protocol
3060,Varenicline
3061,vatalanib
3062,VBA protocol
3063,VBVP protocol
3064,VCP protocol 2
3065,VDD protocol
3066,VEEP regimen
3067,venetoclax
3068,VEP-THP protocol
3069,vermiculite
3070,Verteporfin
3071,VI-14 flavonoid
3072,VIA protocol
3073,vicanicin
3074,VICOP-B protocol
3075,Vigabatrin
3076,Vindesine
3077,vinflunine
3078,Vinorelbine
3079,vinyl acetate
3080,vinyl bromide
3081,vinyl carbamate epoxide
3082,vinyl fluoride
3083,violacein
3084,VIP-E protocol
3085,VIP regimen 2
3086,Vitamin K
3087,Vitamin K 2
3088,vitamin k5
3089,VMCP protocol
3090,VMP protocol
3091,Voriconazole
3092,VP-P protocol
3093,Wastewater
3094,Weichang'an
3095,withanone
3096,WJ1376-1
3097,WJ1398-1
3098,WP1066
3099,WP 744
3100,xanthatin
3101,Xanthines
3102,XCT790
3103,XELOX
3104,xestospongin C
3105,Xylitol
3106,YF 476
3107,YH 439
3108,YM 529
3109,YSNSG cyclopeptide
3110,YW3-56
3111,Zalcitabine
3112,ZCL-082
3113,ZD4054
3114,zeniplatin
3115,ZH-2 compound
3116,zileuton
3117,ZINC32101539
3118,ZINC33468944
3119,ZK253
3120,ZK703
3121,zolmitriptan
3122,Zonisamide
3123,zorubicin
3124,punctilious ethyl alcohol
3125,ledertam
3126,mytomycin
3127,kolfugo 25fw
3128,ebetaxel
3129,1pbk
3130,azd221
3131,pentadecan
3132,hyalurone sodium
3133,gtpl7380
3134,D-Glucose
3135,beta-D-glucopyranose
3136,kimitsu chitosan f
3137,ici 182780
3138,chlorobenzene
3139,chloroaluminum
3140,rufloxacinum
3141,dextran
3142,tgf beta
3143,1dar
3144,ici d1033
3145,9qhx048frv
3146,indole
3147,Givinostat
3148,itf2357
3149,crustecdyson
3150,16 mercaptohexadecanoic acid
3151,dition
3152,19ald1s53j
3153,Technetium (99mTc) sestamibi
3154,hydroxytyramin
3155,mtor inhibitor
3156,alginic acid potassium salt
3157,oxypertine
3158,haldar
3159,cytophosphan
3160,gtpl2504
3161,3c2r
3162,glycitin
3163,tcdbd
3164,egcg
3165,gtpl4601
3166,polopirin
3167,ala asp
3168,hydroxylrasilin
3169,triformin
3170,leucin
3171,selanylidenegallium
3172,fareston
3173,copren
3174,solvent orange 7
3175,perlutex
3176,tnb
3177,novidroxin
3178,abitextrate
3179,lr24g6354g
3180,desmodur 44
3181,sandopril
3182,isopregnenone
3183,fox green
3184,tryptamin
3185,resvida
3186,maltotriose
3187,aet
3188,bile acid
3189,lidocaine carbonate
3190,acquinite
3191,meguan
3192,flavylium
3193,dhep plaster
3194,livial
3195,aminutrin
3196,ccris 8822
3197,hki272
3198,dichlorodiphenyl dichloroethene
3199,epanova
3200,ketoglutarate
3201,rifabutine
3202,secoisolariciresinol diglucoside
3203,cdki
3204,butifos
3205,807671frzy
3206,bmn 673ts
3207,rucaparib
3208,cepastat lozenges
3209,cekumeta
3210,pkcs
3211,ykg0yf688x
3212,pyrimidine dimer
3213,cobalt acetate
3214,decostriol
3215,boletic acid dimethyl ester
3216,zxm835lq5e
3217,edta chromium
3218,xtandi
3219,46af8680rc
3220,streptozotocine
3221,cofactor
3222,lipoic acid
3223,sodium cation
3224,lapatinib ditosylate
3225,rxdx 101
3226,auroafen
3227,dolgit
3228,engravers acid
3229,danizol
3230,indomethazine
3231,bibenzylidine
3232,angiogenesis inhibitor
3233,norgestomet
3234,s4zlz1k74b
3235,ccris 6193
3236,bcp0726000088
3237,dehydroandrosterone sulfate
3238,isooxazole
3239,s adenosylmethionine
3240,adynol
3241,hexafluorodiphenylolpropane
3242,6461tv6uch
3243,rh692x7b7b
3244,tegison
3245,tetraoxoiodic acid
3246,ccris 7221
3247,guanosine cyclic monophosphate
3248,monopyrrole
3249,fluorine ion
3250,memary
3251,miketazol developer ons
3252,dexasporin
3253,maitansina
3254,phentanyl
3255,dl proline
3256,emdoc
3257,sndx 275
3258,bleu de methylene
3259,coumarin d4
3260,methylisokyanat
3261,sulfoenolpyruvate
3262,optinate
3263,fyran j 3
3264,lupron
3265,ser
3266,2 oxopropanoic acid
3267,gerontine
3268,heparitin monosulfate
3269,tk8ere8p56
3270,mek inhibitor
3271,red iron ore
3272,guanin
3273,certa
3274,brn 4666243
3275,clodronate
3276,ganglioside gd2
3277,capecitibine
3278,7i279e1nz8
3279,yama kariyasu
3280,gz8vf4m2j8
3281,dihydrocuminic alcohol
3282,eusedon
3283,levomefolinic acid
3284,braf inhibitor
3285,ropivacaine hydrochloride monohydrate
3286,n butylcarbamate
3287,l arabinose
3288,khladon 744
3289,etiocobalamin
3290,bcp9000759
3291,icrf 187 hydrochloride
3292,brn 1736592
3293,prasterone
3294,rosiglitazona
3295,prolidon
3296,aromasine
3297,bromocresol green sultone form
3298,phosphorane
3299,bromine chloride
3300,penwar
3301,alkaline phosphatase
3302,h2co3
3303,tannins
3304,thyronine
3305,sanguinarine nitrate
3306,atomic oxygen
3307,yn968d1
3308,trophicardyl
3309,pci32765
3310,cytidine monophosphate guanosine
3311,monosodium methanearsonate
3312,kampherol
3313,trichloromethane
3314,ccris 3789
3315,sodium saccharine
3316,acrasin
3317,ampk activator
3318,n acetylhexosamine
3319,19gbj60sn5
3320,glypure 70
3321,diphenylene ketone oxide
3322,superoxol
3323,brn 1963932
3324,zlt174dl7u
3325,glycopeptide
3326,ccris 3528
3327,arterocoline
3328,gtpl7486
3329,acridinone
3330,phthaloxime
3331,dexmedetomidine hcl
3332,babie
3333,ccris 4055
3334,meetco
3335,mylosar
3336,adapalenum
3337,tep
3338,methylenedibenzene
3339,zytosin
3340,tranexamsaeure
3341,daconil 2787 flowable fungicide
3342,lagistase
3343,alpha tocopherol acetate
3344,hmti
3345,beta alanine
3346,coumestan
3347,sodium ethidronate
3348,t66es73m18
3349,camphor
3350,methyl benzoylecgonine
3351,bez235
3352,h4pteglu
3353,anthracin
3354,imidodicarbonimidic diamide
3355,morphium
3356,vilaprisan
3357,antigen 3c
3358,natrecor
3359,bromergon
3360,exatecan
3361,voronit c
3362,blue urs
3363,chlorbutin
3364,hsdb 7316
3365,docosahexaenoic acid
3366,chinon
3367,basic violet 3
3368,gtpl7426
3369,kredex
3370,neoton
3371,phenylethylene
3372,brn 1087400
3373,tricloretene
3374,nitromed
3375,chlorhexidin
3376,anprolene
3377,gtpl7496
3378,acinorm
3379,resamine red gb
3380,hyzaar
3381,dhmeq cpd
3382,gemcitabinum
3383,cefuroxime
3384,medrate
3385,cannoc
3386,irinotecan hydrochloride
3387,tetrahydronorharmane
3388,aracytine
3389,4f9g
3390,1rgk
3391,pingyangmyvin a2
3392,ccris 1400
3393,bcp9000940
3394,63hb36ca2y
3395,aspartate sodium
3396,thiodon
3397,sophorin
3398,lovenox
3399,gastrotelos
3400,hydroxystilbene
3401,kalma
3402,ccris 7893
3403,phosphoglycerate
3404,germacrone
3405,ccris 5967
3406,plumbagine
3407,cucurbitacin b 2 sulfate
3408,piperidic acid
3409,transannon
3410,hornel
3411,hydrazine carbothioamide hydrochloride
3412,mdm2 inhibitor
3413,osi 744
3414,iminoether
3415,edac hydrochloride
3416,folfiri regimen
3417,22u763i668
3418,asahina
3419,bibw 2992
3420,vivitrex
3421,94h892992x
3422,hitec e
3423,dcbap
3424,diphosphoric acid
3425,cyclo werrol
3426,urokinase
3427,753gt729ou
3428,butylphen
3429,opiran
3430,"toxin war	"
3431,hydrogen l selenocysteinate
3432,cyclohexan
3433,k49p2k8wlx
3434,tricalcium orthophosphate
3435,hepta
3436,aplidin
3437,carbonyldiamide
3438,ccris 1521
3439,citr
3440,Quinacrine hydrochloride
3441,j58862dtvd
3442,antabus
3443,wee1 inhibitor
3444,phosphatidylethanolamine
3445,375yfj481o
3446,7 dehydrocholesterol
3447,bisbenzylisoquinoline
3448,fludeoxyglucose
3449,isodonol
3450,dmrt
3451,1t4j
3452,ferric ion
3453,propranolol hydrochloride
3454,gtpl5324
3455,hoelite
3456,isoterpene
3457,cea 410
3458,surfactin peptide
3459,amerfond
3460,selectin
3461,36o410zd4i
3462,ufur
3463,ldp 341
3464,hesperin
3465,vulkacit h 30
3466,bix01294
3467,magainin ii
3468,dehydroerythorbic acid
3469,v1xjq704r4
3470,ccris 1781
3471,lgk 974
3472,genistein 85% hplc
3473,pirfenidonum
3474,podocaric acid
3475,guanine riboside
3476,tocofersolanum
3477,glcnac
3478,abt 199
3479,nabilonum
3480,diarsenic
3481,helixin
3482,ponatinib hydrochloride
3483,pdes
3484,vareniclina
3485,rociletinib
3486,allose
3487,natural red 24
3488,gtpl6494
3489,asacoumarin b
3490,nimbosterol
3491,ravtansine
3492,siddiqui
3493,fibrinogen
3494,pj4h73il17
3495,dichlororibobenzimidazole
3496,pyrocatechin
3497,at 877 hydrochloride
3498,smt 487
3499,1m5m
3500,pok93po28w
3501,sys 67mb
3502,tributon
3503,emersol 143
3504,trypanothione disulfide
3505,iphosphamide
3506,brn 0152784
3507,arecaidine
3508,lauric acid
3509,cep701
3510,hydroxyformate
3511,sto185
3512,vetivazulen
3513,etta
3514,aluminum powder
3515,bcp9000320
3516,mrk 560
3517,reminyl
3518,erionite
3519,pancreozymin
3520,kil8951
3521,phosphonotyrosine
3522,casein kinase ii
3523,majarine
3524,dimethyl
3525,gladem
3526,cgamp
3527,guanidine
3528,etileno
3529,uttronin a
3530,magnesium dibutyrate
3531,vitazechs
3532,bredfeldin a
3533,saha cpd
3534,gilenia
3535,special k
3536,fenizon
3537,gtpl7794
3538,megestrolo
3539,tnp00292
3540,acrylic acid magnesium salt
3541,casodex
3542,isatine
3543,ipotensium
3544,nitrous amide
3545,fysostigmin
3546,heptadecafluorooctanesulfonic acid
3547,bemaphate
3548,phosphofructokinase activator
3549,artomycin
3550,methyleneimine
3551,n desmethyltamoxifen
3552,pyren
3553,stx 64
3554,spiramycin b
3555,carbonate ion
3556,flutron
3557,lupatic acid
3558,chirocaine
3559,iodocarb
3560,benzoylmethide
3561,osphena
3562,brn 0089511
3563,noradrenalin
3564,3fup
3565,gsk 1120212
3566,quinolin
3567,hydeltra
3568,fast yellow 10j
3569,carboxylic acid
3570,fablyn
3571,xrp9881
3572,aropax
3573,cellulose sulfate gel
3574,plx 4032
3575,budeprion
3576,mercapto
3577,rac ketorolac
3578,urodilatin human
3579,acrylic acid amide
3580,dezocitidine
3581,delta 1 tetrahydrocannabinol
3582,thalrugosine
3583,triazole derivative
3584,5gd5d29k7i
3585,rivaroxaban
3586,flucyamide
3587,erismodegib
3588,sirturo
3589,gtpl7460
3590,mometasona
3591,zovirax sterile powder
3592,catechins
3593,c24h20n6o3
3594,piceid
3595,6732xgx1rk
3596,brn 1818550
3597,ccris 274
3598,parazone
3599,thymidin
3600,hampshire glycine
3601,furanodiene
3602,gtpl7795
3603,paeonia moutan
3604,clindamycin
3605,637e494o0z
3606,hydroxyindoles
3607,muga
3608,keppra
3609,glyphosate monopotassium salt
3610,stearylsulfamidum
3611,endothelin i
3612,velban
3613,linoleate
3614,flubendazole
3615,hpmf
3616,diacetylspermine
3617,karbamat
3618,folfirinox protocol
3619,cystine acid
3620,hydroxyindoleacetic acid
3621,opioid growth factor
3622,brn 0277879
3623,artesunatum
3624,pteridene
3625,cpd000466363
3626,methoquine
3627,curcuminii
3628,p9b protein
3629,adpr
3630,hanfangchin a
3631,hydrogen orthophosphate
3632,selinexor
3633,gtpl7792
3634,sogilen
3635,sialyl lex tri
3636,cyclopentyl radical
3637,ocx191
3638,trioxohydrindene monohydrate
3639,gastrinide
3640,phenytoine
3641,3 hydroxypregnan 20 one
3642,2o4553545l
3643,lambertian acid
3644,methylglycocyamine
3645,4 thiazolidinone
3646,gabexate monomethanesulfonate
3647,bcl 2 inhibitor
3648,phenol glucoside
3649,ccris 9289
3650,iodinane
3651,formimidic acid
3652,octreotidum
3653,gsk089
3654,cyclobutane
3655,gtpl5349
3656,beta glucan
3657,7qwm220fjh
3658,hexadecanoyl coa
3659,tinver
3660,cabozantinib malate
3661,sulfanediide
3662,glycol ricinoleate
3663,daidzeol
3664,double stranded rna
3665,etra acid
3666,macrogol
3667,withanolide d
3668,nmami
3669,ftorphenazine
3670,2 pentanol
3671,inosine triphosphate
3672,1x587iby09
3673,2 aminoglucose
3674,mannose 6 phosphate
3675,sofosbuvir
3676,sgn 75
3677,brn 0077607
3678,nadph2
3679,antibiotic tan
3680,fenoldopam methanesulfonate
3681,torisel
3682,hanane
3683,periactinol
3684,92019dwi1d
3685,triplet carbene
3686,retarded ba
3687,triptorelinum
3688,ccris 5441
3689,fadrozol
3690,hsdb 7335
3691,germine hydrochloride
3692,sulphate
3693,4pp86kk527
3694,ribodroat
3695,garlon 2
3696,farydak
3697,potiga
3698,synvinolin
3699,hesper bitabs
3700,3 hydroxykynurenine
3701,pharmorubicin
3702,lucanthonum
3703,physcion
3704,brn 0272179
3705,protoporphyrin
3706,ulixertinib
3707,methamphetamine hcl
3708,taxoid xrp6258
3709,bicarburet of hydrogen
3710,torin 1
3711,bcp0726000231
3712,n acetylglucosamine
3713,cea scan
3714,demethylaspartame
3715,noretisterona
3716,biolf 62
3717,c7h10n2o4
3718,76xc01ftoj
3719,methoxcide
3720,propess
3721,hn39mc8kio
3722,amlexanoxum
3723,dl dopa
3724,brn 1721507
3725,dithiocarbamate
3726,hydroxyquinazoline
3727,phosphonoserine
3728,56w89fbx3e
3729,anticoagulans 63
3730,clolar
3731,revlimid
3732,elenolate calcium
3733,sonidegib phosphate
3734,citronellal
3735,crizotinibum
3736,pristimerin
3737,wogonoside
3738,cmp acetylneuraminic acid
3739,24t2a1doyb
3740,tpds
3741,drupanol
3742,kcu0c7rs7z
3743,pci 34051
3744,paeonal
3745,methoxy
3746,bibf1120
3747,et3p
3748,bcp0726000194
3749,propylenoxide
3750,emodine
3751,j867 cpd
3752,sulfinylbismethane
3753,elemene
3754,96265tnh2r
3755,promestrienum
3756,1 phenylpropylbenzene
3757,glyceraldehyde phosphate
3758,rilutek
3759,lemgrip
3760,ozogamicin
3761,valproic acid glucuronide
3762,oxiric acid
3763,npi 0052
3764,floginex
3765,cryptoxanthins
3766,bathocuproine disulfonate
3767,l ornithinium
3768,pyruvic aldehyde
3769,litalir
3770,unc0642
3771,carbamazepina
3772,val
3773,brn 0183227
3774,punicalin
3775,hsdb 707
3776,diallyl thiosulfinate
3777,6j5j15q2x8
3778,betaglcnac
3779,4 methoxybenzyl chloride
3780,solasonin
3781,hsdb 936
3782,febuxostat
3783,524y3ib4hq
3784,perfluornonansaeure
3785,loperamide hcl
3786,withanolide 1
3787,propargyl radical
3788,abexinostat
3789,h8kp1oj8jx
3790,topotecan lactone
3791,akynzeo
3792,telapristone
3793,trichloorazijnzuur
3794,curcumol
3795,hemel
3796,lacdinac
3797,cravit
3798,ccris 9141
3799,7 epiclusianone
3800,iobenguane sulfate
3801,gamma tocotrienol
3802,acetoncyaanhydrine
3803,argivene
3804,hydroxysuccinate
3805,hydroxytyrosol
3806,gant 61
3807,boracic acid
3808,gtpl5962
3809,tetraiodothyroacetate
3810,allitridin
3811,ethenyl
3812,pkc 412
3813,solamargin
3814,gtpl7005
3815,mahanine
3816,mk 2206 hydrochloride
3817,ccris 4282
3818,gtpl7497
3819,brn 0210868
3820,kriplex
3821,curdione
3822,gtpl7709
3823,bromohexane
3824,fadh
3825,d galactosamine
3826,c21ezr41ay
3827,k673dmo5h9
3828,333jw641ml
3829,gtpl7707
3830,gtpl2637
3831,binosto
3832,gtpl7641
3833,2fum
3834,phthalsaeurediaethylester
3835,streptasol
3836,trazodone hcl
3837,gtpl2957
3838,dimethyl triazeno imidazole carboxamide
3839,schisandrin b
3840,prolylyphenylalanine
3841,artigenin congener
3842,lucitanib
3843,monoethylhexyl phthalate
3844,gambogicacid
3845,methylchlorophenoxypropionic acid
3846,tetrahydroaminocrin
3847,pregablin
3848,gtpl7793
3849,taca
3850,monastrol
3851,copanlisib
3852,bendamustina
3853,natunalar
3854,cis diaminedichloroplatinum
3855,stanford v regimen
3856,"10,12-octadecadienoic acid"
3857,10-carboxymethyl-9-acridanone
3858,10-nitro-oleic acid
3859,10-hydroxycamptothecin
3860,"10-methoxy-2,2-dimethyl-2,6-dihydropyrano(3,2-c)quinolin-5-one"
3861,10-decarbamoylmitomycin C
3862,"1,1-dimethylbutyl-1-deoxy-Delta(9)-THC"
3863,103D5R
3864,"10-methyl-3-(6-methylpyridin-3-yl)-9,10,11,12-tetrahydro-8H-(1,4)diazepino(5',6'-4,5)thieno(3,2-f)quinolin-8-one"
3865,"1,1,1-trichloro-2-(4-hydroxyphenyl)-2-(4-methoxyphenyl)ethane"
3866,"1,10-phenanthroline"
3867,"1,12-benzoperylene"
3868,10-(2-pyrazolylethoxy)camptothecin
3869,1-(1-acetyl-piperidine-4-yl)-3-adamantan-1-yl-urea
3870,"10'(Z),13'(E),15'(E)-heptadecatrienylhydroquinone"
3871,10074-G5
3872,"1,2,5,6-dibenzanthracene"
3873,"1,1,1,2-tetrafluoro-2-chloroethane"
3874,"11-fluoro-7-(14,14,15,15-pentafluoro-6-methyl-10-thia-6-azapentadecyl)estra-1,3-5(10)-triene-3,17-diol"
3875,"1,2,3-trichloropropane"
3876,"1,1-bis(3'-indolyl)-1-(4-hydroxyphenyl)methane"
3877,"1,1-bis(3'-indolyl)-1-(4-chlorophenyl)methane"
3878,"10,10-bis(4-pyridinylmethyl)-9(10H)-anthracenone"
3879,10-(octyloxy)decyl-2-(trimethylammonium)ethyl phosphate
3880,"11-(2-pyrrolidin-1-ylethoxy)-14,19-dioxa-5,7,26-triazatetracyclo(19.3.1.1(2,6).1(8,12))heptacosa-1(25),2(26),3,5,8,10,12(27),16,21,23-decaene"
3881,"1,1-bis(3'-indolyl)-1-(4-trifluoromethylphenyl)methane"
3882,"10,11-dihydro-10-hydroxycarbamazepine"
3883,"1,2-dibromo-4-(1,2-dibromoethyl)cyclohexane"
3884,"1,1-diethyl-2-hydroxy-2-nitrosohydrazine"
3885,1-(2-(3-(4-methoxyphenyl)propoxy)-4-methoxyphenylethyl)-1H-imidazole
3886,"10,11-dihydro-10,11-dihydroxy-5H-dibenzazepine-5-carboxamide"
3887,"1,2-diamino-4-nitrobenzene"
3888,12-(3-adamantan-1-ylureido)dodecanoic acid
3889,"1-(2-cyano-3,12-dioxooleana-1,9-dien-28-oyl) imidazole"
3890,"1,2,5,8-tetrahydroxy anthraquinone"
3891,10-(fluoroethoxyphosphinyl)-N-(biotinamidopentyl)decanamide
3892,"1,1,2-trichloroethane"
3893,"1,2-bis(2-aminophenoxy)ethane N,N,N',N'-tetraacetic acid acetoxymethyl ester"
3894,"1,1-bis(4-hydroxyphenyl)cyclohexane"
3895,"1,2-Dimethylhydrazine"
3896,10-hydroxywarfarin
3897,"1,2-dichloro-4-nitrobenzene"
3898,1-((1-O-octadecyl-2-O-methylglycero)phospho)-3-deoxy-myo-inositol
3899,"1,2-bis(2-aminophenoxy)ethane-N,N,N',N'-tetraacetic acid"
3900,"1,3-butadiene"
3901,"1,2,4-trichlorobenzene"
3902,"1,25-dihydroxyvitamin D"
3903,"11-deoxy-16-phenoxy-17,18,19,20-tetranorprostaglandin E1"
3904,"(1,2-bis(1,2-benzisoselenazolone-3(2H)-ketone))ethane"
3905,"1,2-benzisothiazoline-3-one"
3906,"1',2'-dihydrorotenone"
3907,11-nor-delta(9)-tetrahydrocannabinol-9-carboxylic acid
3908,"1,2-diacetylbenzene"
3909,"1,2-Dihydroxybenzene-3,5-Disulfonic Acid Disodium Salt"
3910,"10-methoxy-5-(2-propenyl)-2,5-dihydro-2,2,4-trimethyl-1H-(1)benzopyrano(3,4-f)quinoline"
3911,"1,1-dichloro-1-fluoroethane"
3912,"1,4-bis(2-(3,5-dichloropyridyloxy))benzene"
3913,"1,2-dithiol-3-thione"
3914,"11,15-dioxo-9-hydroxy-2,3,4,5-tetranorprostan-1,20-dioic acid"
3915,"1,2-dibromo-2,4-dicyanobutane"
3916,"1,2,3,4-tetrahydro-1-(phenylmethyl)isoquinoline"
3917,11-dehydrocorticosterone
3918,"1,25-dihydroxyergocalciferol"
3919,17-(dimethylaminoethylamino)-17-demethoxygeldanamycin
3920,"1,2-bis(2,4,6-tribromophenoxy)ethane"
3921,"1-(1-(imidazo(1,2-a)pyridin-6-yl)ethyl)-6-(1-methyl-1H-pyrazol-4-yl)-1H-(1,2,3)triazolo(4,5-b)pyrazine"
3922,"1,2,3,7,8-pentachlorodibenzo-p-dioxin"
3923,"11,11'-dideoxyverticilin"
3924,"1,2,4,5-benzenetetraamine"
3925,1-(2-bromophenyl)-3-(7-cyano-3H-benzotriazol-4-yl)urea
3926,1-(1-methanesulfonylpiperidin-4-yl)-3-(4-trifluoromethoxyphenyl)urea
3927,"1-(1H-indol-3-yl)-9H-pyrido(3,4-b)indole"
3928,"14-deoxy-11,12-didehydroandrographolide"
3929,"1-(3',5'-dihydroxyphenoxy)-7-(2'',4'',6''-trihydroxyphenoxy)-2,4,9-trihydroxydibenzo-1,4,-dioxin"
3930,"1-(4-(6-bromobenzo(1,3)dioxol-5-yl)-3a,4,5,9b-tetrahydro-3H-cyclopenta(c)quinolin-8-yl)ethanone"
3931,1-Methyl-4-phenylpyridinium
3932,11-dehydro-thromboxane B2
3933,"1,2-dimethyl-4-nitrobenzene"
3934,1-Butanol
3935,"1,2,4-triazole"
3936,"1-(2-(2-(3,4-dichlorophenyl)-4-(3,4,5-trimethoxybenzoyl)morpholin-2-yl)ethyl)spiro(benzo(c)thiophene-1(3H),4'-piperidine)-2-oxide"
3937,"1,2-bis(isothiazol-5-yl)disulfane"
3938,"1,2,5,6-tetrabromocyclooctane"
3939,"1,3-dimethylthiourea"
3940,"1-(2-chlorobenzyl)-5'-phenyl-3'H-spiro(indoline-3,2'-(1,3,4)thiadiazol)-2-one"
3941,"1,1,1-trichloroethane"
3942,"1,1-bis(4-hydroxyphenyl)-2-phenylbut-1-ene"
3943,"10H-3,6-diazaphenothiazine"
3944,"1,2-dichloroethylene"
3945,"1,3,7,9-tetramethyluric acid"
3946,1-(2-trifluoromethoxyphenyl)-2-nitroethanone
3947,"1,2-dielaidoylphosphatidylethanolamine"
3948,1-Naphthylisothiocyanate
3949,1-Methyl-3-isobutylxanthine
3950,"1,2,3,4,7,8-hexachlorodibenzodioxin"
3951,"1,3-bis(4-hydroxyphenyl)-4-methyl-5-(4-(2-piperidinylethoxy)phenol)-1H-pyrazole"
3952,"1,2-epoxy-3,4-dihydroxy-1,2,3,4-tetrahydrobenzo(c)phenanthrene"
3953,"11,12-dihydroxyeicosatrienoic acid"
3954,"2,3-dimethoxy-1,4-naphthoquinone"
3955,11-(dansylamino)undecanoic acid
3956,"1,1-diphenyl-2-picrylhydrazyl"
3957,"2,4-dinitrotoluene"
3958,"2',3,3',4',5-pentachloro-4-hydroxybiphenyl"
3959,"1,24,25-trihydroxyvitamin D3"
3960,"2,2',4,4'-tetrabromodiphenyl ether"
3961,"1,2-dilauroylphosphatidylcholine"
3962,"11,12-epoxy-5,8,14-eicosatrienoic acid"
3963,1-(5-chloro-6-(trifluoromethoxy)-1H-benzoimidazol-2-yl)-1H-pyrazole-4-carboxylic acid
3964,"15-Hydroxy-11 alpha,9 alpha-(epoxymethano)prosta-5,13-dienoic Acid"
3965,"1,3-dimethoxy-5-methyl-2-(3-methyl-6-(1-methylethenyl)-2-cyclohexen-1-yl)benzene"
3966,"1,2,3,4,5,6-hexabromocyclohexane"
3967,"1,2,3,4-tetrahydroisoquinoline"
3968,11-hydroxyandrostenedione
3969,"1,2-linoleoylphosphatidylcholine"
3970,"1,2-dioleoyloxy-3-(trimethylammonium)propane"
3971,"1,2-naphthoquinone"
3972,1-methylanthracene
3973,"2-amino-3,8-dimethylimidazo(4,5-f)quinoxaline"
3974,"2,2',3',4,4',5-hexachlorobiphenyl"
3975,"2,5,2',5'-tetrachlorobiphenyl"
3976,11-oxo-delta(8)-tetrahydrocannabinol
3977,10-(alpha-diethylaminopropionyl)phenothiazine
3978,"1,2-oleoylphosphatidylcholine"
3979,1-carboxysalsoline
3980,"1,3-propane sultone"
3981,"2,3-bis(3'-hydroxybenzyl)butyrolactone"
3982,"1-hydroxy-2-oxo-3,3-bis(2-aminoethyl)-1-triazene"
3983,"11-hydroxy-5,8,12,14-eicosatetraenoic acid"
3984,15-acetyldeoxynivalenol
3985,"1,3-dichloro-2-propanol"
3986,18alpha-glycyrrhetinic acid
3987,"1,4-diaminocyclohexane"
3988,"1-acyl-2-(12-((7-nitrobenz-2-oxa-1,3-diazol-4-yl)amino)dodecanoyl)phosphatidylcholine"
3989,"1,24-dihydroxyvitamin D2"
3990,2-(2-amino-3-methoxyphenyl)-4H-1-benzopyran-4-one
3991,1-aminomethylphosphonic acid
3992,"16 alpha-ethyl-21-hydroxy-19-nor-4-pregnene-3,20-dione"
3993,"2-(1H-indazol-4-yl)-6-(4-methanesulfonylpiperazin-1-ylmethyl)-4-morpholin-4-ylthieno(3,2-d)pyrimidine"
3994,"1-(4-((2-(2-aminopyrimidin-5-yl)-7-methyl-4-morpholinothieno(3,2-d)pyrimidin-6-yl)methyl)piperazin-1-yl)-2-hydroxypropan-1-one"
3995,"13,14-dihydro-15-ketoprostaglandin D2"
3996,1-(2-((1-ethoxycarbonyloxyethoxycarbonylmethyl)carbamoyl)-3-phenylpropyldisulfanylmethyl)-3-methylsulfanylpropylamine
3997,11-hydroxy-delta(9)-tetrahydrocannabinol
3998,"1,2-diethyl-3-hydroxypyridin-4-one"
3999,1-(3-trifluoromethylphenyl)piperazine
4000,1-(2-(1-adamantyl)ethyl)-1-pentyl-3-(3-(4-pyridyl)propyl)urea
4001,1'-acetoxychavicol acetate
4002,"1-cyclopropyl-4-(4-((5-methyl-3-(3-(4-(trifluoromethoxy)phenyl)-1,2,4-oxadiazol-5-yl)-1H-pyrazol-1-yl)methyl)pyridin-2-yl)piperazine"
4003,"1-(3',4',5'-trimethoxyphenyl)-3-(3'',4''-dimethoxy-2'-hydroxyphenyl)propane"
4004,10-(4'-(N-diethylamino)butyl)-2-chlorophenoxazine
4005,1-(2-amino-3-methyl-butyryl)-azetidine-2-carbonitrile
4006,11-keto-boswellic acid
4007,1-(1-(4-fluorophenyl)ethyl)-3-((3-methoxy-4-(4-methyl-1H-imidazol-1-yl)phenyl)methylene)-2-piperidinone
4008,"1,25-dihydroxy-26,27-dimethylcholecalciferol"
4009,"1,2,4-trimethylcyclohexane"
4010,"2,2-dimethylsuccinic acid"
4011,"1,7-diphenyl-5-heptene-3-one"
4012,"2,2',4,4',5-brominated diphenyl ether"
4013,"2,3,7,8-tetrachlorodibenzofuran"
4014,"1-Methyl-4-phenyl-1,2,3,6-tetrahydropyridine"
4015,2-palmitoylglycerol
4016,1-(4-methoxyphenyl)piperazine
4017,"1,1-ethanediol"
4018,2-amino-2-methyl-1-propanol
4019,"11,12,15-trihydroxyeicosatrienoic acid"
4020,13beta-methyl 19-nor-steroid
4021,2-(1'H-indole-3'-carbonyl)thiazole-4-carboxylic acid methyl ester
4022,"3,4,5,3',4'-pentachlorobiphenyl"
4023,"1H-(1,2,4)oxadiazolo(4,3-a)quinoxalin-1-one"
4024,2-methyl-4-isothiazolin-3-one
4025,"16-hydroxycleroda-3,13(14)-dien-15,16-olide"
4026,"1,6-hexamethylene diisocyanate"
4027,"15-deoxy-delta(12,14)-prostaglandin J2"
4028,15-deoxyprostaglandin J2
4029,"1,2-didecanoylglycerol"
4030,"1-phenyl-1,2-propanedione"
4031,1-O-hexadecyl-2-arachidonyl-sn-glycero-3-phosphocholine
4032,11-deoxyprostaglandin E1
4033,4-hydroxy-equilenin
4034,13-methylarachidonic acid
4035,"2,4,5,2',4',5'-hexachlorobiphenyl"
4036,1-nitropyrene
4037,"1,4-dioxane"
4038,1-3-methylbutyryl-N4-6-aminohexanoyl-piperazine
4039,10-formyltetrahydropteroylglutamic acid
4040,1-hydroxypyrene
4041,"1-(6-((3-methoxyestra-1,3,5(10)-trien-17-yl)amino)hexyl)-1H-pyrrole-2,5-dione"
4042,"4-(5-benzo(1,3)dioxol-5-yl-4-pyridin-2-yl-1H-imidazol-2-yl)benzamide"
4043,2-methyl-2H-pyrazole-3-carboxylic acid (2-methyl-4-o-tolylazophenyl)amide
4044,"1-(2-(3,4-dichlorophenyl)ethyl)-4-methylpiperazine"
4045,"2,2-bis(4-glycidyloxyphenyl)propane"
4046,"1,2,4-triazolo(1,5-c)pyrimidine"
4047,"2,5-hexanedione"
4048,"2,3,7,8-tetrabromodibenzo-4-dioxin"
4049,"3,5-bis(2-fluorobenzylidene)piperidin-4-one"
4050,"17alpha-ethynylestr-5(10)-ene-3alpha,17beta-diol"
4051,11-methylbenzanthracene
4052,22-hydroxycholesterol
4053,1-UFT protocol
4054,"2,3,5-trichloro-6-phenyl-(1,4)benzoquinone"
4055,"2,3',4,4',5-pentachlorobiphenyl"
4056,2-chloro-N-(4-chlorobiphenyl-2-yl)nicotinamide
4057,"1-((3-benzyl-3-methyl-2,3-dihydro-1-benzofuran-6-yl)carbonyl)piperidine"
4058,1-(1H-indol-3-yl)-3-(3H-indol-3-ylidene)propan-2-one
4059,"2,6-dinitrotoluene"
4060,"4,4'-diaminodiphenylmethane"
4061,"2,3,4,5-tetrachlorophenate"
4062,"2,3,5-(triglutathion-S-yl)hydroquinone"
4063,17-desoxyestradiol
4064,"2,4,6-tribromophenol"
4065,"1,5-naphthalenediamine"
4066,1-(2-(3-methoxyphenyl)ethyl)phenoxy-3-(dimethylamino)-2-propanol
4067,"1,4-bisdesoxyquinocetone"
4068,8-Bromo Cyclic Adenosine Monophosphate
4069,3-((6-(2-methoxyphenyl)pyrimidin-4-yl)amino)phenyl)methane sulfonamide
4070,"2-amino-4-(3,4-(methylenedioxy)benzylamino)-6-(3-methoxyphenyl)pyrimidine"
4071,2-nitrotoluene
4072,"4,4'-hexafluorisopropylidene diphenol"
4073,"4-(4-((5-(4,5-dimethyl-2-nitrophenyl)-2-furanyl)methylene)-4,5-dihydro-3-methyl-5-oxo-1H-pyrazol-1-yl)benzoic acid"
4074,"2,3-pentanedione"
4075,1-carboxyheptylimidazole
4076,3-phenoxybenzoic acid
4077,"1,2-bis-N-cytisinylethane"
4078,1-(1- pentyl-1H-indol-3-yl)-2-(2-methoxyphenyl)ethanone
4079,"2-amino-1-methyl-6-phenylimidazo(4,5-b)pyridine"
4080,18-hydroxycortisol
4081,"1,4-phenylenebis(methylene)selenocyanate"
4082,10-hydroxynortriptyline
4083,4-aminophenylarsenoxide
4084,"1,4-androstadiene-3,17-dione"
4085,Acids
4086,(1-(2-(bis(4-fluorophenyl)methoxy)ethyl)-4-(3-hydroxy-3-phenylpropyl) piperazinyl decanoate)
4087,"2-tert-butyl-9-fluoro-3,6-dihydro-7H-benz(h)imidazo(4,5-f)isoquinoline-7-one"
4088,"7,8-Dihydro-7,8-dihydroxybenzo(a)pyrene 9,10-oxide"
4089,2-(2-((3-(4-chlorophenyl)-1-methyl-1H-pyrazol-5-yloxy)methyl)phenyl)-3-methoxyacrylate
4090,"1-(1,3-carboxypropyl)-4,7-carboxymethyl-1,4,7-triazacyclononane"
4091,2-methylacetoacetanilide
4092,"1,2-dibromo-3-chloropropane"
4093,"(1-(2-morpholin-4-yl-ethyl)-1H-indol-3-yl)-(2,2,3,3-tetramethylcyclopropyl)methanone"
4094,"2-(2,3-dicarboxycyclopropyl)glycine"
4095,1-amino-2-phosphonomethylcyclopropanecarboxylic acid
4096,4-nitrophenol
4097,1H-benzotriazole-5-carboxylic acid
4098,"2,2,2-trichloroethanol"
4099,"2-methoxy-5-(2',3',4'-trimethoxyphenyl)tropone"
4100,3-nitrobenzanthrone
4101,1-(5-Isoquinolinesulfonyl)-2-Methylpiperazine
4102,1-((5-chloro-1H-indol-2-yl)carbonyl)-4-methylpiperazine
4103,"1-(2,3-dihydro-1,4-benzodioxin-5-yl)-4-((5-(4-fluorophenyl)-3-pyridinyl)methyl)piperazine"
4104,2-Acetylaminofluorene
4105,"3,4,3',4'-tetrachlorobiphenyl"
4106,"1-(4-bromophenylaminocarbonyl)-4,5-diphenyl-3-pyrazolidinone"
4107,4-hydroxy-2-nonenal
4108,"1,2-diaminobenzene"
4109,"6-formylindolo(3,2-b)carbazole"
4110,"3,19-(2-bromobenzylidene)andrographolide"
4111,Aldehydes
4112,"2,4-Dichlorophenoxyacetic Acid"
4113,"1-(2,4-dichlorobenzyl)indazole-3-carbohydrazide"
4114,1-(4-chlorobenzoyl)-5-methoxy-1H-indole-3-acetic acid morpholineamide
4115,4-hydroxyestrone
4116,"3,3'-diindolylmethane"
4117,4-biphenylamine
4118,3-aminobenzamide
4119,2-(4-morpholinyl)-8-phenyl-4H-1-benzopyran-4-one
4120,3-deazaneplanocin
4121,4-cresol
4122,4-dichlorobenzene
4123,"4-benzyl-2-methyl-1,2,4-thiadiazolidine-3,5-dione"
4124,Antagomirs
4125,beryllium sulfate
4126,"4,4'-diphenylmethane diisocyanate"
4127,3-(4-methylphenylsulfonyl)-2-propenenitrile
4128,2-iodomelatonin
4129,A-83-01
4130,"2,3,4,5-Tetrahydro-7,8-dihydroxy-1-phenyl-1H-3-benzazepine"
4131,"4-methyl-N1-(3-phenylpropyl)benzene-1,2-diamine"
4132,1-anilino-8-naphthalenesulfonate
4133,3-(4'-hydroxy-3'-adamantylbiphenyl-4-yl)acrylic acid
4134,"2,4-di-tert-butylphenol"
4135,12-deoxyphorbolphenylacetate-20-acetate
4136,"1,25-dihydroxy-16-ene-vitamin D3"
4137,"2,2-(2-chlorophenyl-4'-chlorophenyl)acetic acid"
4138,"2,2',4,4',5,6'-hexabromodiphenyl ether"
4139,2-Naphthylamine
4140,2-butenal
4141,2-bromopalmitate
4142,4-tert-octylphenol
4143,"1,2,3,4,4a,5,10,10a-octahydro-6-methoxy-1-methylbenz(g)quinoline-3-carboxylic acid 4-(4-nitrophenyl)piperazine amide"
4144,111In-DOTA-TOC
4145,2-anisidine
4146,1-Naphthylamine
4147,"3-oxo-1,1-diphenyltetrahydrooxazolo(3,4-a)pyrazine-7-carboxylic acid 4-fluorobenzylamide"
4148,4-((diethylamino)sulfonyl)benzoic acid
4149,3-(2-hydroxy-4-(2-methylnonan-2-yl)phenyl)cyclohexan-1-ol
4150,"24,25-epoxycholesterol"
4151,"3,4-Dichloro-N-methyl-N-(2-(1-pyrrolidinyl)-cyclohexyl)-benzeneacetamide, (trans)-Isomer"
4152,"2,2,2,-trichloro-1-(3,4-dichlorophenyl)-ethylacetate"
4153,"2,2',3,4',5,5',6-heptachlorobiphenyl"
4154,4-oxoretinoic acid
4155,parasporin
4156,parthenin
4157,Paroxetine
4158,PARP-1 inhibitor DHC-1
4159,parecoxib
4160,Paromomycin
4161,parthenocissin A
4162,Pasteurella multocida toxin
4163,parinaroyl-coenzyme A
4164,Pargyline
4165,pentanal
4166,PCI 5002
4167,penthiopyrad
4168,peonidin 3-glucoside
4169,PD 123319
4170,perfluorobutanesulfonic acid
4171,PF-04254644
4172,Perfume
4173,PB28 compound
4174,perchlorate
4175,Pentylenetetrazole
4176,PD 81723
4177,periodate-oxidized adenosine
4178,PD-0200347
4179,pentachloroanisole
4180,phaeomelanin
4181,pelargonic acid
4182,PF 3758309
4183,pelargonidin-3-glucoside
4184,phosphinothricin
4185,Propofol
4186,Picrotoxin
4187,pentabromophenol
4188,Phosphatidic Acids
4189,phenylamil
4190,Pentamidine
4191,peginterferon alfa-2a
4192,pitavastatin
4193,Phencyclidine
4194,picene
4195,"Phosphorus, Dietary"
4196,Phenols
4197,Phenylbutyrates
4198,sporidesmin
4199,Penicillin V
4200,zinc chromate
4201,tributyl phosphate
4202,pateamine A
4203,Penicillins
4204,PD 150606
4205,selenobetaine
4206,pasireotide
4207,picroside II
4208,"p-carboxymethylphenyl 1,1-bis(3'-indolyl)-1-(p-carboxymethylphenyl)methane"
4209,Phenylthiourea
4210,"copper-1,10-phenanthroline"
4211,copper(II) nitrate
4212,corexit 9527
4213,coptisine
4214,coriander oil
4215,copper (N-2-hydroxyacetophenone)glycinate
4216,coralyne
4217,Cosmetics
4218,copper histidine
4219,Cullen corylifolium extract
4220,CPU0213
4221,CP-654577
4222,CpG ODN 1826
4223,Coptidis rhizoma extract
4224,crenigacestat
4225,Creosote
4226,"copper bis(3,5-diisopropylsalicylate)"
4227,CpG ODN 2006
4228,corannulene
4229,coroxon
4230,"copper(II)(1,10-phenanthroline)3"
4231,Cyanamide
4232,crofelemer
4233,coproporphyrinogen III
4234,crenatoside
4235,"cyclic 3',5'-uridine monophosphate"
4236,Creatine
4237,cyadox
4238,"cyclohexyl-(2-(3,5-dimethylpyrazol-1-yl)-6-methylpyrimidin-4-yl)amine"
4239,Crotoxin
4240,Dexrazoxane
4241,cyclopiazonic acid
4242,copper-thiosemicarbazone complex
4243,CycloProvera
4244,cyclo(Trp-Asp-Pro-Val-Leu)
4245,cupressuflavone
4246,CP 31398
4247,cyazofamid
4248,cyanopindolol
4249,domoic acid
4250,crotonyl alcohol
4251,cytisine
4252,Deamino Arginine Vasopressin
4253,CV 6504
4254,danshen dripping pill
4255,Dermatan Sulfate
4256,Gold Compounds
4257,corticotropin releasing hormone (9-41)
4258,dimethylselenide
4259,CpG ODN 2216
4260,decabromodiphenyl ethane
4261,diosbulbin B
4262,Dexmedetomidine
4263,GW 4869
4264,cyromazine
4265,Coproporphyrins
4266,copper methionate
4267,Dabigatran
4268,HX 630